ons_code,name,mp,percsigned,Remain,polParty,EER17CD,EER17NM,partyColour
E14000530,Aldershot,Leo Docherty MP,2.094613335,42.1,Conservative,E15000008,South East,#0087DC
E14000531,Aldridge-Brownhills,Wendy Morton MP,0.907778669,32.2,Conservative,E15000005,West Midlands,#0087DC
E14000532,Altrincham and Sale West,Sir Graham Brady MP,3.614473429,61.4,Conservative,E15000002,North West,#0087DC
E14000533,Amber Valley,Nigel Mills MP,1.182726438,34.7,Conservative,E15000004,East Midlands,#0087DC
E14000534,Arundel and South Downs,Rt Hon Nick Herbert MP,3.177234934,50.3,Conservative,E15000008,South East,#0087DC
E14000535,Ashfield,Gloria De Piero MP,0.853992206,29.5,Labour,E15000004,East Midlands,#DC241f
E14000536,Ashford,Rt Hon Damian Green MP,2.128861091,40.1,Conservative,E15000008,South East,#0087DC
E14000537,Ashton-under-Lyne,Angela Rayner MP,1.293439519,38.2,Labour,E15000002,North West,#DC241f
E14000538,Aylesbury,Rt Hon David Lidington MP,2.22824515,48.2,Conservative,E15000008,South East,#0087DC
E14000539,Banbury,Victoria Prentis MP,2.97174322,49.7,Conservative,E15000008,South East,#0087DC
E14000540,Barking,Rt Hon Dame Margaret Hodge MP,0.876876629,40,Labour,E15000007,London,#DC241f
E14000541,Barnsley Central,Dan Jarvis MP,0.895982664,31.8,Labour,E15000003,Yorkshire and The Humber,#DC241f
E14000542,Barnsley East,Stephanie Peacock MP,0.688067254,29,Labour,E15000003,Yorkshire and The Humber,#DC241f
E14000543,Barrow and Furness,John Woodcock MP,1.424704374,42.7,Independent,E15000002,North West,#DDDDDD
E14000544,Basildon and Billericay,Mr John Baron MP,1.410165226,32.9,Conservative,E15000006,Eastern,#0087DC
E14000545,Basingstoke,Rt Hon Maria Miller MP,2.500028255,46.4,Conservative,E15000008,South East,#0087DC
E14000546,Bassetlaw,John Mann MP,0.97546729,31.7,Labour,E15000004,East Midlands,#DC241f
E14000547,Bath,Wera Hobhouse MP,5.617209744,68.3,Liberal Democrat,E15000009,South West,#FAA61A
E14000548,Batley and Spen,Tracy Brabin MP,1.0121934,40.4,Labour,E15000003,Yorkshire and The Humber,#DC241f
E14000549,Battersea,Marsha De Cordova MP,5.439563323,78,Labour,E15000007,London,#DC241f
E14000550,Beaconsfield,Rt Hon Dominic Grieve QC MP,2.896347163,51,Conservative,E15000008,South East,#0087DC
E14000551,Beckenham,Bob Stewart MP,3.602995842,53.4,Conservative,E15000007,London,#0087DC
E14000552,Bedford,Mohammad Yasin MP,2.017953673,48.1,Labour,E15000006,Eastern,#DC241f
E14000553,Bermondsey and Old Southwark,Neil Coyle MP,5.070046137,73.9,Labour,E15000007,London,#DC241f
E14000554,Berwick-upon-Tweed,Anne-Marie Trevelyan MP,1.923928165,44.7,Conservative,E15000001,North East,#0087DC
E14000555,Bethnal Green and Bow,Rushanara Ali MP,5.02044055,69.1,Labour,E15000007,London,#DC241f
E14000556,Beverley and Holderness,Graham Stuart MP,1.531065539,41.3,Conservative,E15000003,Yorkshire and The Humber,#0087DC
E14000557,Bexhill and Battle,Huw Merriman MP,2.156346678,42.3,Conservative,E15000008,South East,#0087DC
E14000558,Bexleyheath and Crayford,Rt Hon Sir David Evennett MP,1.528505308,34.7,Conservative,E15000007,London,#0087DC
E14000559,Birkenhead,Rt Hon Frank Field MP,1.886440313,48.3,Independent,E15000002,North West,#DDDDDD
E14000560,"Birmingham, Edgbaston",Preet Kaur Gill MP,2.120503424,52.7,Labour,E15000005,West Midlands,#DC241f
E14000561,"Birmingham, Erdington",Jack Dromey MP,0.909043821,37,Labour,E15000005,West Midlands,#DC241f
E14000562,"Birmingham, Hall Green",Mr Roger Godsiff MP,2.177358231,66.4,Labour,E15000005,West Midlands,#DC241f
E14000563,"Birmingham, Hodge Hill",Rt Hon Liam Byrne MP,0.407143518,48.5,Labour,E15000005,West Midlands,#DC241f
E14000564,"Birmingham, Ladywood",Shabana Mahmood MP,1.305839423,64.4,Labour,E15000005,West Midlands,#DC241f
E14000565,"Birmingham, Northfield",Richard Burden MP,1.471021265,38.2,Labour,E15000005,West Midlands,#DC241f
E14000566,"Birmingham, Perry Barr",Mr Khalid Mahmood MP,0.611000423,48.8,Labour,E15000005,West Midlands,#DC241f
E14000567,"Birmingham, Selly Oak",Steve McCabe MP,2.733898968,53.1,Labour,E15000005,West Midlands,#DC241f
E14000568,"Birmingham, Yardley",Jess Phillips MP,0.895649528,39.9,Labour,E15000005,West Midlands,#DC241f
E14000569,Bishop Auckland,Helen Goodman MP,1.197646534,39.1,Labour,E15000001,North East,#DC241f
E14000570,Blackburn,Kate Hollern MP,0.703583721,46.3,Labour,E15000002,North West,#DC241f
E14000571,Blackley and Broughton,Graham Stringer MP,1.33890539,50,Labour,E15000002,North West,#DC241f
E14000572,Blackpool North and Cleveleys,Paul Maynard MP,1.068049139,33.1,Conservative,E15000002,North West,#0087DC
E14000573,Blackpool South,Gordon Marsden MP,0.824293633,32.2,Labour,E15000002,North West,#DC241f
E14000574,Blaydon,Liz Twist MP,1.901614552,43.9,Labour,E15000001,North East,#DC241f
E14000575,Blyth Valley,Mr Ronnie Campbell MP,1.335514575,39.5,Labour,E15000001,North East,#DC241f
E14000576,Bognor Regis and Littlehampton,Rt Hon Nick Gibb MP,1.45643393,35.2,Conservative,E15000008,South East,#0087DC
E14000577,Bolsover,Mr Dennis Skinner MP,0.956622969,29.6,Labour,E15000004,East Midlands,#DC241f
E14000578,Bolton North East,Sir David Crausby MP,1.195166099,41.9,Labour,E15000002,North West,#DC241f
E14000579,Bolton South East,Yasmin Qureshi MP,0.710691099,37,Labour,E15000002,North West,#DC241f
E14000580,Bolton West,Chris Green MP,1.529873344,44.4,Conservative,E15000002,North West,#0087DC
E14000581,Bootle,Peter Dowd MP,1.998066387,45.2,Labour,E15000002,North West,#DC241f
E14000582,Boston and Skegness,Matt Warman MP,0.576216686,24.4,Conservative,E15000004,East Midlands,#0087DC
E14000583,Bosworth,David Tredinnick MP,1.600496871,39.2,Conservative,E15000004,East Midlands,#0087DC
E14000584,Bournemouth East,Rt Hon Tobias Ellwood MP,2.483713355,46.3,Conservative,E15000009,South West,#0087DC
E14000585,Bournemouth West,Conor Burns MP,2.022892438,42.3,Conservative,E15000009,South West,#0087DC
E14000586,Bracknell,Dr Phillip Lee MP,2.49861711,46.8,Conservative,E15000008,South East,#0087DC
E14000587,Bradford East,Imran Hussain MP,0.850358918,44.8,Labour,E15000003,Yorkshire and The Humber,#DC241f
E14000588,Bradford South,Judith Cummins MP,0.79107347,36.4,Labour,E15000003,Yorkshire and The Humber,#DC241f
E14000589,Bradford West,Naz Shah MP,0.729717444,53.3,Labour,E15000003,Yorkshire and The Humber,#DC241f
E14000590,Braintree,James Cleverly MP,1.606844479,38.5,Conservative,E15000006,Eastern,#0087DC
E14000591,Brent Central,Dawn Butler MP,2.210696979,57.1,Labour,E15000007,London,#DC241f
E14000592,Brent North,Barry Gardiner MP,1.136920137,57.4,Labour,E15000007,London,#DC241f
E14000593,Brentford and Isleworth,Ruth Cadbury MP,3.786579817,56.7,Labour,E15000007,London,#DC241f
E14000594,Brentwood and Ongar,Alex Burghart MP,1.917396419,38.8,Conservative,E15000006,Eastern,#0087DC
E14000595,Bridgwater and West Somerset,Mr Ian Liddell-Grainger MP,1.481953104,37.9,Conservative,E15000009,South West,#0087DC
E14000596,Brigg and Goole,Andrew Percy MP,0.959501732,33.8,Conservative,E15000003,Yorkshire and The Humber,#0087DC
E14000597,"Brighton, Kemptown",Lloyd Russell-Moyle MP,4.604336628,56.4,Labour,E15000008,South East,#DC241f
E14000598,"Brighton, Pavilion",Caroline Lucas MP,7.958237155,74.1,Green Party,E15000008,South East,#528D6B
E14000599,Bristol East,Kerry McCarthy MP,3.855531273,53.2,Labour,E15000009,South West,#DC241f
E14000600,Bristol North West,Darren Jones MP,4.005019982,58.4,Labour,E15000009,South West,#DC241f
E14000601,Bristol South,Karin Smyth MP,4.583380569,52.9,Labour,E15000009,South West,#DC241f
E14000602,Bristol West,Thangam Debbonaire MP,7.74270399,79.3,Labour,E15000009,South West,#DC241f
E14000603,Broadland,Rt Hon Keith Simpson MP,2.029702352,45.9,Conservative,E15000006,Eastern,#0087DC
E14000604,Bromley and Chislehurst,Robert Neill MP,3.392398842,50.2,Conservative,E15000007,London,#0087DC
E14000605,Bromsgrove,Rt Hon Sajid Javid MP,1.999308375,44.6,Conservative,E15000005,West Midlands,#0087DC
E14000606,Broxbourne,Mr Charles Walker MP,1.280371005,34.5,Conservative,E15000006,Eastern,#0087DC
E14000607,Broxtowe,Rt Hon Anna Soubry MP,3.110829639,47.5,Independent,E15000004,East Midlands,#DDDDDD
E14000608,Buckingham,Rt Hon John Bercow MP,3.346928837,51.1,Speaker,E15000008,South East,#ffffff
E14000609,Burnley,Julie Cooper MP,0.877595418,33.4,Labour,E15000002,North West,#DC241f
E14000610,Burton,Andrew Griffiths MP,1.242819466,35.2,Conservative,E15000005,West Midlands,#0087DC
E14000611,Bury North,James Frith MP,1.912062357,46.3,Labour,E15000002,North West,#DC241f
E14000612,Bury South,Mr Ivan Lewis MP,2.228959559,45.5,Independent,E15000002,North West,#DDDDDD
E14000613,Bury St Edmunds,Jo Churchill MP,2.078385425,46,Conservative,E15000006,Eastern,#0087DC
E14000614,Calder Valley,Craig Whittaker MP,2.856731841,46.8,Conservative,E15000003,Yorkshire and The Humber,#0087DC
E14000615,Camberwell and Peckham,Rt Hon Harriet Harman QC MP,5.360300185,68.5,Labour,E15000007,London,#DC241f
E14000616,Camborne and Redruth,George Eustice MP,2.128036644,41.6,Conservative,E15000009,South West,#0087DC
E14000617,Cambridge,Daniel Zeichner MP,7.913060936,73.8,Labour,E15000006,Eastern,#DC241f
E14000618,Cannock Chase,Amanda Milling MP,0.830766123,31.1,Conservative,E15000005,West Midlands,#0087DC
E14000619,Canterbury,Rosie Duffield MP,3.440205,54.7,Labour,E15000008,South East,#DC241f
E14000620,Carlisle,John Stevenson MP,1.299002216,39.4,Conservative,E15000002,North West,#0087DC
E14000621,Carshalton and Wallington,Rt Hon Tom Brake MP,2.362122924,43.7,Liberal Democrat,E15000007,London,#FAA61A
E14000622,Castle Point,Rebecca Harris MP,0.929893962,27.3,Conservative,E15000006,Eastern,#0087DC
E14000623,Central Devon,Rt Hon Mel Stride MP,3.204754072,49.1,Conservative,E15000009,South West,#0087DC
E14000624,Central Suffolk and North Ipswich,Dr Dan Poulter MP,2.227268215,45.1,Conservative,E15000006,Eastern,#0087DC
E14000625,Charnwood,Edward Argar MP,1.620093106,42.1,Conservative,E15000004,East Midlands,#0087DC
E14000626,Chatham and Aylesford,Tracey Crouch MP,1.218835134,36.1,Conservative,E15000008,South East,#0087DC
E14000627,Cheadle,Mary Robinson MP,3.122916355,57.3,Conservative,E15000002,North West,#0087DC
E14000628,Chelmsford,Vicky Ford MP,2.615335007,49.3,Conservative,E15000006,Eastern,#0087DC
E14000629,Chelsea and Fulham,Rt Hon Greg Hands MP,4.290444167,70.9,Conservative,E15000007,London,#0087DC
E14000630,Cheltenham,Alex Chalk MP,3.591637942,57.1,Conservative,E15000009,South West,#0087DC
E14000631,Chesham and Amersham,Rt Hon Dame Cheryl Gillan MP,3.832547975,55,Conservative,E15000008,South East,#0087DC
E14000632,Chesterfield,Toby Perkins MP,1.565852127,40.7,Labour,E15000004,East Midlands,#DC241f
E14000633,Chichester,Gillian Keegan MP,2.711759436,49.3,Conservative,E15000008,South East,#0087DC
E14000634,Chingford and Woodford Green,Rt Hon Iain Duncan Smith MP,2.812546819,50.1,Conservative,E15000007,London,#0087DC
E14000635,Chippenham,Michelle Donelan MP,3.174603175,48.4,Conservative,E15000009,South West,#0087DC
E14000636,Chipping Barnet,Rt Hon Theresa Villiers MP,3.49972129,58.9,Conservative,E15000007,London,#0087DC
E14000637,Chorley,Rt Hon Sir Lindsay Hoyle MP,1.813771364,43.3,Labour,E15000002,North West,#DC241f
E14000638,Christchurch,Sir Christopher Chope MP,1.722469518,40,Conservative,E15000009,South West,#0087DC
E14000639,Cities of London and Westminster,Rt Hon Mark Field MP,4.637664502,71.9,Conservative,E15000007,London,#0087DC
E14000640,City of Chester,Christian Matheson MP,3.258078117,57.7,Labour,E15000002,North West,#DC241f
E14000641,City of Durham,Dr Roberta Blackman-Woods MP,2.559877737,56.7,Labour,E15000001,North East,#DC241f
E14000642,Clacton,Giles Watling MP,0.722002209,27,Conservative,E15000006,Eastern,#0087DC
E14000643,Cleethorpes,Martin Vickers MP,0.923060647,30.5,Conservative,E15000003,Yorkshire and The Humber,#0087DC
E14000644,Colchester,Will Quince MP,2.389512636,48.5,Conservative,E15000006,Eastern,#0087DC
E14000645,Colne Valley,Thelma Walker MP,2.308486239,49.9,Labour,E15000003,Yorkshire and The Humber,#DC241f
E14000646,Congleton,Fiona Bruce MP,2.281378769,47.4,Conservative,E15000002,North West,#0087DC
E14000647,Copeland,Trudy Harrison MP,1.335413417,40.8,Conservative,E15000002,North West,#0087DC
E14000648,Corby,Tom Pursglove MP,1.658831215,39.9,Conservative,E15000004,East Midlands,#0087DC
E14000649,Coventry North East,Colleen Fletcher MP,1.017290726,42.2,Labour,E15000005,West Midlands,#DC241f
E14000650,Coventry North West,Mr Geoffrey Robinson MP,1.577873498,41.6,Labour,E15000005,West Midlands,#DC241f
E14000651,Coventry South,Mr Jim Cunningham MP,1.692097607,49.6,Labour,E15000005,West Midlands,#DC241f
E14000652,Crawley,Henry Smith MP,1.707161578,41.6,Conservative,E15000008,South East,#0087DC
E14000653,Crewe and Nantwich,Laura Smith MP,1.701201322,39.7,Labour,E15000002,North West,#DC241f
E14000654,Croydon Central,Sarah Jones MP,2.205294021,49.7,Labour,E15000007,London,#DC241f
E14000655,Croydon North,Mr Steve Reed MP,2.382544725,58.8,Labour,E15000007,London,#DC241f
E14000656,Croydon South,Chris Philp MP,2.752031941,54.2,Conservative,E15000007,London,#0087DC
E14000657,Dagenham and Rainham,Jon Cruddas MP,0.793342243,29.7,Labour,E15000007,London,#DC241f
E14000658,Darlington,Jenny Chapman MP,1.503613657,41.9,Labour,E15000001,North East,#DC241f
E14000659,Dartford,Gareth Johnson MP,1.487626126,36,Conservative,E15000008,South East,#0087DC
E14000660,Daventry,Chris Heaton-Harris MP,2.15528203,41.4,Conservative,E15000004,East Midlands,#0087DC
E14000661,Denton and Reddish,Andrew Gwynne MP,1.666227029,39,Labour,E15000002,North West,#DC241f
E14000662,Derby North,Chris Williamson MP,1.98089455,45.7,Independent,E15000004,East Midlands,#DDDDDD
E14000663,Derby South,Rt Hon Margaret Beckett MP,1.102077263,38.6,Labour,E15000004,East Midlands,#DC241f
E14000664,Derbyshire Dales,Rt Hon Sir Patrick McLoughlin MP,2.827171161,48.8,Conservative,E15000004,East Midlands,#0087DC
E14000665,Devizes,Rt Hon Claire Perry MP,2.335856209,46.5,Conservative,E15000009,South West,#0087DC
E14000666,Dewsbury,Paula Sherriff MP,1.251027092,42.9,Labour,E15000003,Yorkshire and The Humber,#DC241f
E14000667,Don Valley,Rt Hon Caroline Flint MP,0.87895278,31.5,Labour,E15000003,Yorkshire and The Humber,#DC241f
E14000668,Doncaster Central,Rt Hon Dame Rosie Winterton MP,0.889971373,33.3,Labour,E15000003,Yorkshire and The Humber,#DC241f
E14000669,Doncaster North,Rt Hon Edward Miliband MP,0.727633106,28.3,Labour,E15000003,Yorkshire and The Humber,#DC241f
E14000670,Dover,Charlie Elphicke MP,1.721341688,37,Conservative,E15000008,South East,#0087DC
E14000671,Dudley North,Ian Austin MP,0.646578016,28.6,Independent,E15000005,West Midlands,#DDDDDD
E14000672,Dudley South,Mike Wood MP,0.79117153,29.6,Conservative,E15000005,West Midlands,#0087DC
E14000673,Dulwich and West Norwood,Helen Hayes MP,7.225136797,77.1,Labour,E15000007,London,#DC241f
E14000674,Ealing Central and Acton,Dr Rupa Huq MP,5.105986971,70.8,Labour,E15000007,London,#DC241f
E14000675,Ealing North,Stephen Pound MP,1.98078295,53.7,Labour,E15000007,London,#DC241f
E14000676,"Ealing, Southall",Mr Virendra Sharma MP,2.258497918,58.2,Labour,E15000007,London,#DC241f
E14000677,Easington,Grahame Morris MP,0.773497455,34,Labour,E15000001,North East,#DC241f
E14000678,East Devon,Rt Hon Sir Hugo Swire MP,2.644136837,49.6,Conservative,E15000009,South West,#0087DC
E14000679,East Ham,Rt Hon Stephen Timms MP,1.140168158,53.7,Labour,E15000007,London,#DC241f
E14000680,East Hampshire,Rt Hon Damian Hinds MP,3.284563326,50.7,Conservative,E15000008,South East,#0087DC
E14000681,East Surrey,Mr Sam Gyimah MP,2.732851244,45.8,Conservative,E15000008,South East,#0087DC
E14000682,East Worthing and Shoreham,Tim Loughton MP,3.064306203,46.3,Conservative,E15000008,South East,#0087DC
E14000683,East Yorkshire,Rt Hon Sir Greg Knight MP,1.288997273,36.3,Conservative,E15000003,Yorkshire and The Humber,#0087DC
E14000684,Eastbourne,Stephen Lloyd MP,2.108218934,42.5,Independent,E15000008,South East,#DDDDDD
E14000685,Eastleigh,Mims Davies MP,2.342626688,45.7,Conservative,E15000008,South East,#0087DC
E14000686,Eddisbury,Antoinette Sandbach MP,2.090597233,47.8,Conservative,E15000002,North West,#0087DC
E14000687,Edmonton,Kate Osamor MP,0.935106812,54.5,Labour,E15000007,London,#DC241f
E14000688,Ellesmere Port and Neston,Justin Madders MP,1.747363891,41.7,Labour,E15000002,North West,#DC241f
E14000689,Elmet and Rothwell,Alec Shelbrooke MP,2.152035726,43.2,Conservative,E15000003,Yorkshire and The Humber,#0087DC
E14000690,Eltham,Clive Efford MP,3.01472688,48.2,Labour,E15000007,London,#DC241f
E14000691,Enfield North,Rt Hon Joan Ryan MP,1.732461311,50.8,Independent,E15000007,London,#DDDDDD
E14000692,"Enfield, Southgate",Bambos Charalambous MP,3.127775037,62.1,Labour,E15000007,London,#DC241f
E14000693,Epping Forest,Rt Hon Dame Eleanor Laing MP,1.970606184,39,Conservative,E15000006,Eastern,#0087DC
E14000694,Epsom and Ewell,Rt Hon Chris Grayling MP,3.248158867,52.2,Conservative,E15000008,South East,#0087DC
E14000695,Erewash,Maggie Throup MP,1.606840698,36.8,Conservative,E15000004,East Midlands,#0087DC
E14000696,Erith and Thamesmead,Teresa Pearce MP,1.264739338,45.4,Labour,E15000007,London,#DC241f
E14000697,Esher and Walton,Rt Hon Dominic Raab MP,3.981692831,58.4,Conservative,E15000008,South East,#0087DC
E14000698,Exeter,Rt Hon Ben Bradshaw MP,3.589033625,55.2,Labour,E15000009,South West,#DC241f
E14000699,Fareham,Suella Braverman MP,2.25059194,44.5,Conservative,E15000008,South East,#0087DC
E14000700,Faversham and Mid Kent,Helen Whately MP,2.224954546,41.3,Conservative,E15000008,South East,#0087DC
E14000701,Feltham and Heston,Seema Malhotra MP,0.96649037,44.1,Labour,E15000007,London,#DC241f
E14000702,Filton and Bradley Stoke,Jack Lopresti MP,2.917024909,51.2,Conservative,E15000009,South West,#0087DC
E14000703,Finchley and Golders Green,Mike Freer MP,4.022628528,68.9,Conservative,E15000007,London,#0087DC
E14000704,Folkestone and Hythe,Damian Collins MP,2.052313883,38.4,Conservative,E15000008,South East,#0087DC
E14000705,Forest of Dean,Rt Hon Mark Harper MP,1.899244401,42.1,Conservative,E15000009,South West,#0087DC
E14000706,Fylde,Mark Menzies MP,1.807029416,43.3,Conservative,E15000002,North West,#0087DC
E14000707,Gainsborough,Rt Hon Sir Edward Leigh MP,1.463121411,38,Conservative,E15000004,East Midlands,#0087DC
E14000708,Garston and Halewood,Maria Eagle MP,2.249920911,52,Labour,E15000002,North West,#DC241f
E14000709,Gateshead,Ian Mearns MP,1.989793288,43.8,Labour,E15000001,North East,#DC241f
E14000710,Gedling,Vernon Coaker MP,2.284031674,43.7,Labour,E15000004,East Midlands,#DC241f
E14000711,Gillingham and Rainham,Rehman Chishti MP,1.319717992,36.4,Conservative,E15000008,South East,#0087DC
E14000712,Gloucester,Richard Graham MP,1.625462332,41.2,Conservative,E15000009,South West,#0087DC
E14000713,Gosport,Caroline Dinenage MP,1.476413849,38.2,Conservative,E15000008,South East,#0087DC
E14000714,Grantham and Stamford,Nick Boles MP,1.801535399,39,Conservative,E15000004,East Midlands,#0087DC
E14000715,Gravesham,Adam Holloway MP,1.25968157,34.6,Conservative,E15000008,South East,#0087DC
E14000716,Great Grimsby,Melanie Onn MP,0.779315901,28.6,Labour,E15000003,Yorkshire and The Humber,#DC241f
E14000717,Great Yarmouth,Rt Hon Brandon Lewis MP,0.822062447,28.5,Conservative,E15000006,Eastern,#0087DC
E14000718,Greenwich and Woolwich,Matthew Pennycook MP,4.80057441,64.3,Labour,E15000007,London,#DC241f
E14000719,Guildford,Rt Hon Anne Milton MP,3.835768569,58.8,Conservative,E15000008,South East,#0087DC
E14000720,Hackney North and Stoke Newington,Rt Hon Diane Abbott MP,6.363026195,79.5,Labour,E15000007,London,#DC241f
E14000721,Hackney South and Shoreditch,Meg Hillier MP,5.865655755,77.2,Labour,E15000007,London,#DC241f
E14000722,Halesowen and Rowley Regis,James Morris MP,1.161857826,33.4,Conservative,E15000005,West Midlands,#0087DC
E14000723,Halifax,Holly Lynch MP,1.227009228,41.2,Labour,E15000003,Yorkshire and The Humber,#DC241f
E14000724,Haltemprice and Howden,Rt Hon David Davis MP,1.703788181,44.8,Conservative,E15000003,Yorkshire and The Humber,#0087DC
E14000725,Halton,Derek Twigg MP,1.507319575,42.3,Labour,E15000002,North West,#DC241f
E14000726,Hammersmith,Andy Slaughter MP,5.002002487,68.7,Labour,E15000007,London,#DC241f
E14000727,Hampstead and Kilburn,Tulip Siddiq MP,5.513281441,76.3,Labour,E15000007,London,#DC241f
E14000728,Harborough,Neil O'Brien MP,2.000663727,47.6,Conservative,E15000004,East Midlands,#0087DC
E14000729,Harlow,Rt Hon Robert Halfon MP,1.339394431,32.3,Conservative,E15000006,Eastern,#0087DC
E14000730,Harrogate and Knaresborough,Andrew Jones MP,2.909511631,52.8,Conservative,E15000003,Yorkshire and The Humber,#0087DC
E14000731,Harrow East,Bob Blackman MP,1.283342928,52.5,Conservative,E15000007,London,#0087DC
E14000732,Harrow West,Gareth Thomas MP,2.060500838,54.9,Labour,E15000007,London,#DC241f
E14000733,Hartlepool,Mike Hill MP,0.856528115,30.4,Labour,E15000001,North East,#DC241f
E14000734,Harwich and North Essex,Sir Bernard Jenkin MP,2.097134519,41,Conservative,E15000006,Eastern,#0087DC
E14000735,Hastings and Rye,Rt Hon Amber Rudd MP,2.599144048,44.1,Conservative,E15000008,South East,#0087DC
E14000736,Havant,Alan Mak MP,1.663045625,37.4,Conservative,E15000008,South East,#0087DC
E14000737,Hayes and Harlington,Rt Hon John McDonnell MP,0.892564869,41.8,Labour,E15000007,London,#DC241f
E14000738,Hazel Grove,Mr William Wragg MP,2.738145359,47.8,Conservative,E15000002,North West,#0087DC
E14000739,Hemel Hempstead,Rt Hon Sir Mike Penning MP,2.42654422,44.5,Conservative,E15000006,Eastern,#0087DC
E14000740,Hemsworth,Jon Trickett MP,0.948867314,31.9,Labour,E15000003,Yorkshire and The Humber,#DC241f
E14000741,Hendon,Dr Matthew Offord MP,1.857484145,58.4,Conservative,E15000007,London,#0087DC
E14000742,Henley,John Howell MP,4.225673534,56.9,Conservative,E15000008,South East,#0087DC
E14000743,Hereford and South Herefordshire,Jesse Norman MP,1.926468427,39.6,Conservative,E15000005,West Midlands,#0087DC
E14000744,Hertford and Stortford,Mr Mark Prisk MP,3.425510713,50.8,Conservative,E15000006,Eastern,#0087DC
E14000745,Hertsmere,Oliver Dowden MP,2.154960939,49.2,Conservative,E15000006,Eastern,#0087DC
E14000746,Hexham,Guy Opperman MP,2.942151369,54.7,Conservative,E15000001,North East,#0087DC
E14000747,Heywood and Middleton,Liz McInnes MP,1.179398399,37.6,Labour,E15000002,North West,#DC241f
E14000748,High Peak,Ruth George MP,3.20169897,49.5,Labour,E15000004,East Midlands,#DC241f
E14000749,Hitchin and Harpenden,Bim Afolami MP,4.790312754,60.2,Conservative,E15000006,Eastern,#0087DC
E14000750,Holborn and St Pancras,Rt Hon Keir Starmer MP,5.246069038,73.3,Labour,E15000007,London,#DC241f
E14000751,Hornchurch and Upminster,Julia Lopez MP,1.36792726,30.5,Conservative,E15000007,London,#0087DC
E14000752,Hornsey and Wood Green,Catherine West MP,7.552231766,75,Labour,E15000007,London,#DC241f
E14000753,Horsham,Jeremy Quin MP,3.253721408,50.5,Conservative,E15000008,South East,#0087DC
E14000754,Houghton and Sunderland South,Bridget Phillipson MP,0.951000043,37.6,Labour,E15000001,North East,#DC241f
E14000755,Hove,Peter Kyle MP,6.635628405,67.1,Labour,E15000008,South East,#DC241f
E14000756,Huddersfield,Mr Barry Sheerman MP,1.4170169,48.1,Labour,E15000003,Yorkshire and The Humber,#DC241f
E14000757,Huntingdon,Mr Jonathan Djanogly MP,2.564832685,46.5,Conservative,E15000006,Eastern,#0087DC
E14000758,Hyndburn,Graham P Jones MP,0.905340523,34.2,Labour,E15000002,North West,#DC241f
E14000759,Ilford North,Wes Streeting MP,1.671405701,46.7,Labour,E15000007,London,#DC241f
E14000760,Ilford South,Mike Gapes MP,0.945341711,56.7,Independent,E15000007,London,#DDDDDD
E14000761,Ipswich,Sandy Martin MP,1.992896163,43.5,Labour,E15000006,Eastern,#DC241f
E14000762,Isle of Wight,Mr Bob Seely MP,1.819216935,38.1,Conservative,E15000008,South East,#0087DC
E14000763,Islington North,Rt Hon Jeremy Corbyn MP,7.261113841,78.4,Labour,E15000007,London,#DC241f
E14000764,Islington South and Finsbury,Rt Hon Emily Thornberry MP,5.510093836,71.7,Labour,E15000007,London,#DC241f
E14000765,Jarrow,Mr Stephen Hepburn MP,1.431826069,38.2,Labour,E15000001,North East,#DC241f
E14000766,Keighley,John Grogan MP,2.181055668,46.7,Labour,E15000003,Yorkshire and The Humber,#DC241f
E14000767,Kenilworth and Southam,Rt Hon Jeremy Wright QC MP,3.2744769,53.8,Conservative,E15000005,West Midlands,#0087DC
E14000768,Kensington,Emma Dent Coad MP,4.278103877,68.8,Labour,E15000007,London,#DC241f
E14000769,Kettering,Mr Philip Hollobone MP,1.56334789,39,Conservative,E15000004,East Midlands,#0087DC
E14000770,Kingston and Surbiton,Rt Hon Sir Edward Davey MP,4.048171649,59.2,Liberal Democrat,E15000007,London,#FAA61A
E14000771,Kingston upon Hull East,Karl Turner MP,0.709959149,27.2,Labour,E15000003,Yorkshire and The Humber,#DC241f
E14000772,Kingston upon Hull North,Diana Johnson MP,1.457252188,40.2,Labour,E15000003,Yorkshire and The Humber,#DC241f
E14000773,Kingston upon Hull West and Hessle,Emma Hardy MP,1.026116699,32,Labour,E15000003,Yorkshire and The Humber,#DC241f
E14000774,Kingswood,Chris Skidmore MP,2.245028865,42.9,Conservative,E15000009,South West,#0087DC
E14000775,Knowsley,Rt Hon George Howarth MP,1.388804214,47.7,Labour,E15000002,North West,#DC241f
E14000776,Lancaster and Fleetwood,Cat Smith MP,2.801543818,48,Labour,E15000002,North West,#DC241f
E14000777,Leeds Central,Rt Hon Hilary Benn MP,1.91646515,54,Labour,E15000003,Yorkshire and The Humber,#DC241f
E14000778,Leeds East,Richard Burgon MP,1.204786287,38.6,Labour,E15000003,Yorkshire and The Humber,#DC241f
E14000779,Leeds North East,Fabian Hamilton MP,4.19041514,62.6,Labour,E15000003,Yorkshire and The Humber,#DC241f
E14000780,Leeds North West,Alex Sobel MP,3.693459384,64.6,Labour,E15000003,Yorkshire and The Humber,#DC241f
E14000781,Leeds West,Rachel Reeves MP,2.751811643,46.7,Labour,E15000003,Yorkshire and The Humber,#DC241f
E14000782,Leicester East,Rt Hon Keith Vaz MP,0.653691873,45.9,Labour,E15000004,East Midlands,#DC241f
E14000783,Leicester South,Jonathan Ashworth MP,1.837189101,57.6,Labour,E15000004,East Midlands,#DC241f
E14000784,Leicester West,Liz Kendall MP,1.348257131,49.2,Labour,E15000004,East Midlands,#DC241f
E14000785,Leigh,Jo Platt MP,1.160870351,36.7,Labour,E15000002,North West,#DC241f
E14000786,Lewes,Maria Caulfield MP,4.291719881,52.9,Conservative,E15000008,South East,#0087DC
E14000787,Lewisham East,Janet Daby MP,3.91590703,64.6,Labour,E15000007,London,#DC241f
E14000788,Lewisham West and Penge,Ellie Reeves MP,5.867823841,65.4,Labour,E15000007,London,#DC241f
E14000789,"Lewisham, Deptford",Vicky Foxcroft MP,6.272471825,75.6,Labour,E15000007,London,#DC241f
E14000790,Leyton and Wanstead,John Cryer MP,4.076156402,65.2,Labour,E15000007,London,#DC241f
E14000791,Lichfield,Michael Fabricant MP,1.776781317,42.5,Conservative,E15000005,West Midlands,#0087DC
E14000792,Lincoln,Karen Lee MP,2.031141982,42.6,Labour,E15000004,East Midlands,#DC241f
E14000793,"Liverpool, Riverside",Dame Louise Ellman MP,3.160651159,72.7,Labour,E15000002,North West,#DC241f
E14000794,"Liverpool, Walton",Dan Carden MP,1.419219979,47.8,Labour,E15000002,North West,#DC241f
E14000795,"Liverpool, Wavertree",Luciana Berger MP,2.660094616,64.7,Independent,E15000002,North West,#DDDDDD
E14000796,"Liverpool, West Derby",Stephen Twigg MP,1.595163321,50.2,Labour,E15000002,North West,#DC241f
E14000797,Loughborough,Rt Hon Nicky Morgan MP,2.187178065,49.9,Conservative,E15000004,East Midlands,#0087DC
E14000798,Louth and Horncastle,Victoria Atkins MP,1.042600082,31.1,Conservative,E15000004,East Midlands,#0087DC
E14000799,Ludlow,Rt Hon Philip Dunne MP,1.99379029,42.1,Conservative,E15000005,West Midlands,#0087DC
E14000800,Luton North,Kelvin Hopkins MP,0.947989073,40.8,Independent,E15000006,Eastern,#DDDDDD
E14000801,Luton South,Mr Gavin Shuker MP,1.051008811,45.4,Independent,E15000006,Eastern,#DDDDDD
E14000802,Macclesfield,David Rutley MP,3.318288309,52.8,Conservative,E15000002,North West,#0087DC
E14000803,Maidenhead,Rt Hon Theresa May MP,3.432932256,55,Conservative,E15000008,South East,#0087DC
E14000804,Maidstone and The Weald,Mrs Helen Grant MP,2.272459811,44.1,Conservative,E15000008,South East,#0087DC
E14000805,Makerfield,Yvonne Fovargue MP,1.019457799,35.1,Labour,E15000002,North West,#DC241f
E14000806,Maldon,Rt Hon John Whittingdale MP,1.587280053,39,Conservative,E15000006,Eastern,#0087DC
E14000807,Manchester Central,Lucy Powell MP,2.908107522,63.6,Labour,E15000002,North West,#DC241f
E14000808,"Manchester, Gorton",Afzal Khan MP,2.751418943,61.8,Labour,E15000002,North West,#DC241f
E14000809,"Manchester, Withington",Jeff Smith MP,6.1197123,75.1,Labour,E15000002,North West,#DC241f
E14000810,Mansfield,Ben Bradley MP,0.829976668,29.1,Conservative,E15000004,East Midlands,#0087DC
E14000811,Meon Valley,George Hollingbery MP,2.336522288,48.1,Conservative,E15000008,South East,#0087DC
E14000812,Meriden,Rt Hon Dame Caroline Spelman MP,1.615986099,41.2,Conservative,E15000005,West Midlands,#0087DC
E14000813,Mid Bedfordshire,Ms Nadine Dorries MP,2.392399797,47.1,Conservative,E15000006,Eastern,#0087DC
E14000814,Mid Derbyshire,Mrs Pauline Latham MP,2.271563766,47.5,Conservative,E15000004,East Midlands,#0087DC
E14000815,Mid Dorset and North Poole,Michael Tomlinson MP,2.191370627,42.9,Conservative,E15000009,South West,#0087DC
E14000816,Mid Norfolk,George Freeman MP,1.790434568,39.4,Conservative,E15000006,Eastern,#0087DC
E14000817,Mid Sussex,Rt Hon Sir Nicholas Soames MP,3.614813805,53.6,Conservative,E15000008,South East,#0087DC
E14000818,Mid Worcestershire,Nigel Huddleston MP,1.659629512,40.6,Conservative,E15000005,West Midlands,#0087DC
E14000819,Middlesbrough,Andy McDonald MP,0.943525042,33.9,Labour,E15000001,North East,#DC241f
E14000820,Middlesbrough South and East Cleveland,Mr Simon Clarke MP,1.214803654,34.7,Conservative,E15000001,North East,#0087DC
E14000821,Milton Keynes North,Rt Hon Mark Lancaster MP,2.525781944,50.3,Conservative,E15000008,South East,#0087DC
E14000822,Milton Keynes South,Iain Stewart MP,2.350888102,46.9,Conservative,E15000008,South East,#0087DC
E14000823,Mitcham and Morden,Siobhain McDonagh MP,2.602385418,55.3,Labour,E15000007,London,#DC241f
E14000824,Mole Valley,Sir Paul Beresford MP,3.457223635,52.7,Conservative,E15000008,South East,#0087DC
E14000825,Morecambe and Lunesdale,David Morris MP,1.753221067,41.8,Conservative,E15000002,North West,#0087DC
E14000826,Morley and Outwood,Andrea Jenkyns MP,1.748578002,40.2,Conservative,E15000003,Yorkshire and The Humber,#0087DC
E14000827,New Forest East,Rt Hon Dr Julian Lewis MP,1.986545311,39.8,Conservative,E15000008,South East,#0087DC
E14000828,New Forest West,Rt Hon Sir Desmond Swayne MP,2.083653591,44.7,Conservative,E15000008,South East,#0087DC
E14000829,Newark,Robert Jenrick MP,2.054199445,44.3,Conservative,E15000004,East Midlands,#0087DC
E14000830,Newbury,Rt Hon Richard Benyon MP,3.169368556,52.2,Conservative,E15000008,South East,#0087DC
E14000831,Newcastle upon Tyne Central,Chi Onwurah MP,2.144266775,52,Labour,E15000001,North East,#DC241f
E14000832,Newcastle upon Tyne East,Rt Hon Nicholas Brown MP,3.317895027,58.9,Labour,E15000001,North East,#DC241f
E14000833,Newcastle upon Tyne North,Catherine McKinnell MP,2.376898265,43.2,Labour,E15000001,North East,#DC241f
E14000834,Newcastle-under-Lyme,Paul Farrelly MP,1.391802958,38.4,Labour,E15000005,West Midlands,#DC241f
E14000835,Newton Abbot,Anne Marie Morris MP,2.194770767,44,Conservative,E15000009,South West,#0087DC
E14000836,"Normanton, Pontefract and Castleford",Rt Hon Yvette Cooper MP,0.892110083,30.7,Labour,E15000003,Yorkshire and The Humber,#DC241f
E14000837,North Cornwall,Scott Mann MP,2.041335028,39.8,Conservative,E15000009,South West,#0087DC
E14000838,North Devon,Peter Heaton-Jones MP,1.977019263,43,Conservative,E15000009,South West,#0087DC
E14000839,North Dorset,Simon Hoare MP,2.108887995,43.4,Conservative,E15000009,South West,#0087DC
E14000840,North Durham,Rt Hon Kevan Jones MP,1.304427705,39.7,Labour,E15000001,North East,#DC241f
E14000841,North East Bedfordshire,Rt Hon Alistair Burt MP,2.570800727,46.6,Conservative,E15000006,Eastern,#0087DC
E14000842,North East Cambridgeshire,Rt Hon Stephen Barclay MP,1.241424371,30.6,Conservative,E15000006,Eastern,#0087DC
E14000843,North East Derbyshire,Lee Rowley MP,1.379016017,37.9,Conservative,E15000004,East Midlands,#0087DC
E14000844,North East Hampshire,Mr Ranil Jayawardena MP,3.446730599,53.8,Conservative,E15000008,South East,#0087DC
E14000845,North East Hertfordshire,Rt Hon Sir Oliver Heald QC MP,3.208141692,48.6,Conservative,E15000006,Eastern,#0087DC
E14000846,North East Somerset,Mr Jacob Rees-Mogg MP,3.078480329,48.4,Conservative,E15000009,South West,#0087DC
E14000847,North Herefordshire,Bill Wiggin MP,2.084240906,42,Conservative,E15000005,West Midlands,#0087DC
E14000848,North Norfolk,Rt Hon Norman Lamb MP,1.779543414,41.6,Liberal Democrat,E15000006,Eastern,#FAA61A
E14000849,North Shropshire,Rt Hon Owen Paterson MP,1.507091189,40.2,Conservative,E15000005,West Midlands,#0087DC
E14000850,North Somerset,Rt Hon Dr Liam Fox MP,3.577407918,52.4,Conservative,E15000009,South West,#0087DC
E14000851,North Swindon,Justin Tomlinson MP,1.827748867,42.7,Conservative,E15000009,South West,#0087DC
E14000852,North Thanet,Rt Hon Sir Roger Gale MP,1.649755923,34.8,Conservative,E15000008,South East,#0087DC
E14000853,North Tyneside,Mary Glindon MP,1.747540477,40.5,Labour,E15000001,North East,#DC241f
E14000854,North Warwickshire,Craig Tracey MP,0.99028679,32.2,Conservative,E15000005,West Midlands,#0087DC
E14000855,North West Cambridgeshire,Mr Shailesh Vara MP,1.94695977,43.1,Conservative,E15000006,Eastern,#0087DC
E14000856,North West Durham,Laura Pidcock MP,1.481776011,45,Labour,E15000001,North East,#DC241f
E14000857,North West Hampshire,Kit Malthouse MP,2.492208132,45.2,Conservative,E15000008,South East,#0087DC
E14000858,North West Leicestershire,Andrew Bridgen MP,1.644079931,39.3,Conservative,E15000004,East Midlands,#0087DC
E14000859,North West Norfolk,Sir Henry Bellingham MP,1.210054314,34.2,Conservative,E15000006,Eastern,#0087DC
E14000860,North Wiltshire,James Gray MP,2.828441248,49.7,Conservative,E15000009,South West,#0087DC
E14000861,Northampton North,Michael Ellis MP,1.508507279,39.7,Conservative,E15000004,East Midlands,#0087DC
E14000862,Northampton South,Andrew Lewer MP,1.560016408,41,Conservative,E15000004,East Midlands,#0087DC
E14000863,Norwich North,Chloe Smith MP,2.617552008,43.3,Conservative,E15000006,Eastern,#0087DC
E14000864,Norwich South,Clive Lewis MP,4.350616016,59.5,Labour,E15000006,Eastern,#DC241f
E14000865,Nottingham East,Mr Chris Leslie MP,2.622610757,57.1,Independent,E15000004,East Midlands,#DDDDDD
E14000866,Nottingham North,Alex Norris MP,1.029927204,36.2,Labour,E15000004,East Midlands,#DC241f
E14000867,Nottingham South,Lilian Greenwood MP,2.148903405,53.5,Labour,E15000004,East Midlands,#DC241f
E14000868,Nuneaton,Mr Marcus Jones MP,1.161825726,35.5,Conservative,E15000005,West Midlands,#0087DC
E14000869,Old Bexley and Sidcup,Rt Hon James Brokenshire MP,1.816690936,37.6,Conservative,E15000007,London,#0087DC
E14000870,Oldham East and Saddleworth,Debbie Abrahams MP,1.260821421,40.1,Labour,E15000002,North West,#DC241f
E14000871,Oldham West and Royton,Jim McMahon MP,0.798740301,38.7,Labour,E15000002,North West,#DC241f
E14000872,Orpington,Joseph Johnson MP,2.315315949,42.5,Conservative,E15000007,London,#0087DC
E14000873,Oxford East,Anneliese Dodds MP,5.850978505,67.5,Labour,E15000008,South East,#DC241f
E14000874,Oxford West and Abingdon,Layla Moran MP,6.351899837,62,Liberal Democrat,E15000008,South East,#FAA61A
E14000875,Pendle,Andrew Stephenson MP,0.994645325,36.8,Conservative,E15000002,North West,#0087DC
E14000876,Penistone and Stocksbridge,Angela Smith MP,1.776282219,39.3,Independent,E15000003,Yorkshire and The Humber,#DDDDDD
E14000877,Penrith and The Border,Rory Stewart MP,1.968503937,44.8,Conservative,E15000002,North West,#0087DC
E14000878,Peterborough,Fiona Onasanya MP,1.304545849,37.3,Independent,E15000006,Eastern,#DDDDDD
E14000879,"Plymouth, Moor View",Johnny Mercer MP,1.090242535,33.6,Conservative,E15000009,South West,#0087DC
E14000880,"Plymouth, Sutton and Devonport",Luke Pollard MP,2.688835902,45.6,Labour,E15000009,South West,#DC241f
E14000881,Poole,Sir Robert Syms MP,2.196209868,42.6,Conservative,E15000009,South West,#0087DC
E14000882,Poplar and Limehouse,Jim Fitzpatrick MP,3.863608785,65.8,Labour,E15000007,London,#DC241f
E14000883,Portsmouth North,Rt Hon Penny Mordaunt MP,1.495906691,36.3,Conservative,E15000008,South East,#0087DC
E14000884,Portsmouth South,Stephen Morgan MP,2.5768066,48.2,Labour,E15000008,South East,#DC241f
E14000885,Preston,Sir Mark Hendrick MP,1.357921883,44.3,Labour,E15000002,North West,#DC241f
E14000886,Pudsey,Stuart Andrew MP,3.300297876,51.4,Conservative,E15000003,Yorkshire and The Humber,#0087DC
E14000887,Putney,Rt Hon Justine Greening MP,5.847493655,72.2,Conservative,E15000007,London,#0087DC
E14000888,Rayleigh and Wickford,Rt Hon Mark Francois MP,1.409856673,32.3,Conservative,E15000006,Eastern,#0087DC
E14000889,Reading East,Matt Rodda MP,4.22125182,61.7,Labour,E15000008,South East,#DC241f
E14000890,Reading West,Alok Sharma MP,2.901997495,48.5,Conservative,E15000008,South East,#0087DC
E14000891,Redcar,Anna Turley MP,0.835743204,32.3,Labour,E15000001,North East,#DC241f
E14000892,Redditch,Rachel Maclean MP,1.43943662,39,Conservative,E15000005,West Midlands,#0087DC
E14000893,Reigate,Crispin Blunt MP,3.251206191,52,Conservative,E15000008,South East,#0087DC
E14000894,Ribble Valley,Mr Nigel Evans MP,1.82971946,41.3,Conservative,E15000002,North West,#0087DC
E14000895,Richmond (Yorks),Rishi Sunak MP,1.709832376,45.3,Conservative,E15000003,Yorkshire and The Humber,#0087DC
E14000896,Richmond Park,Zac Goldsmith MP,6.172968894,71.3,Conservative,E15000007,London,#0087DC
E14000897,Rochdale,Tony Lloyd MP,0.916383053,42.5,Labour,E15000002,North West,#DC241f
E14000898,Rochester and Strood,Kelly Tolhurst MP,1.596799562,36.3,Conservative,E15000008,South East,#0087DC
E14000899,Rochford and Southend East,James Duddridge MP,1.735495005,39.1,Conservative,E15000006,Eastern,#0087DC
E14000900,Romford,Andrew Rosindell MP,1.35957593,30.7,Conservative,E15000007,London,#0087DC
E14000901,Romsey and Southampton North,Rt Hon Caroline Nokes MP,3.028461871,53.9,Conservative,E15000008,South East,#0087DC
E14000902,Rossendale and Darwen,Jake Berry MP,1.52869391,41.1,Conservative,E15000002,North West,#0087DC
E14000903,Rother Valley,Rt Hon Sir Kevin Barron MP,1.126126126,33.3,Labour,E15000003,Yorkshire and The Humber,#DC241f
E14000904,Rotherham,Sarah Champion MP,0.750646744,31.7,Labour,E15000003,Yorkshire and The Humber,#DC241f
E14000905,Rugby,Mark Pawsey MP,2.056902635,41.4,Conservative,E15000005,West Midlands,#0087DC
E14000906,"Ruislip, Northwood and Pinner",Rt Hon Nick Hurd MP,2.716924119,50.5,Conservative,E15000007,London,#0087DC
E14000907,Runnymede and Weybridge,Rt Hon Philip Hammond MP,2.707952599,50.2,Conservative,E15000008,South East,#0087DC
E14000908,Rushcliffe,Rt Hon Kenneth Clarke QC MP,3.88002765,58.5,Conservative,E15000004,East Midlands,#0087DC
E14000909,Rutland and Melton,Rt Hon Sir Alan Duncan MP,2.215894135,46.1,Conservative,E15000004,East Midlands,#0087DC
E14000910,Saffron Walden,Mrs Kemi Badenoch MP,2.699565587,48.8,Conservative,E15000006,Eastern,#0087DC
E14000911,Salford and Eccles,Rebecca Long Bailey MP,2.696783167,46.4,Labour,E15000002,North West,#DC241f
E14000912,Salisbury,John Glen MP,2.748273336,50.1,Conservative,E15000009,South West,#0087DC
E14000913,Scarborough and Whitby,Rt Hon Robert Goodwill MP,1.434672953,38.7,Conservative,E15000003,Yorkshire and The Humber,#0087DC
E14000914,Scunthorpe,Nic Dakin MP,0.824910611,31.3,Labour,E15000003,Yorkshire and The Humber,#DC241f
E14000915,Sedgefield,Phil Wilson MP,1.168338907,40.6,Labour,E15000001,North East,#DC241f
E14000916,Sefton Central,Bill Esterson MP,2.4,55.9,Labour,E15000002,North West,#DC241f
E14000917,Selby and Ainsty,Nigel Adams MP,1.889712674,42.3,Conservative,E15000003,Yorkshire and The Humber,#0087DC
E14000918,Sevenoaks,Rt Hon Sir Michael Fallon MP,2.909862312,46,Conservative,E15000008,South East,#0087DC
E14000919,Sheffield Central,Paul Blomfield MP,3.669122933,68.1,Labour,E15000003,Yorkshire and The Humber,#DC241f
E14000920,Sheffield South East,Mr Clive Betts MP,1.052102848,33.7,Labour,E15000003,Yorkshire and The Humber,#DC241f
E14000921,"Sheffield, Brightside and Hillsborough",Gill Furniss MP,1.347208481,40,Labour,E15000003,Yorkshire and The Humber,#DC241f
E14000922,"Sheffield, Hallam",Jared O'Mara MP,4.758237965,66,Independent,E15000003,Yorkshire and The Humber,#DDDDDD
E14000923,"Sheffield, Heeley",Louise Haigh MP,2.557152014,42.8,Labour,E15000003,Yorkshire and The Humber,#DC241f
E14000924,Sherwood,Mark Spencer MP,1.396276596,36.3,Conservative,E15000004,East Midlands,#0087DC
E14000925,Shipley,Philip Davies MP,2.904956131,47.8,Conservative,E15000003,Yorkshire and The Humber,#0087DC
E14000926,Shrewsbury and Atcham,Daniel Kawczynski MP,2.393286608,47.1,Conservative,E15000005,West Midlands,#0087DC
E14000927,Sittingbourne and Sheppey,Gordon Henderson MP,1.109289197,34.6,Conservative,E15000008,South East,#0087DC
E14000928,Skipton and Ripon,Rt Hon Julian Smith MP,2.549526058,46.8,Conservative,E15000003,Yorkshire and The Humber,#0087DC
E14000929,Sleaford and North Hykeham,Dr Caroline Johnson MP,1.648606485,38.4,Conservative,E15000004,East Midlands,#0087DC
E14000930,Slough,Mr Tanmanjeet Singh Dhesi MP,1.133914071,45.9,Labour,E15000008,South East,#DC241f
E14000931,Solihull,Julian Knight MP,1.792469157,46.7,Conservative,E15000005,West Midlands,#0087DC
E14000932,Somerton and Frome,David Warburton MP,3.287116191,49.7,Conservative,E15000009,South West,#0087DC
E14000933,South Basildon and East Thurrock,Stephen Metcalfe MP,0.990149805,27,Conservative,E15000006,Eastern,#0087DC
E14000934,South Cambridgeshire,Heidi Allen MP,5.660293017,61.5,Independent,E15000006,Eastern,#DDDDDD
E14000935,South Derbyshire,Mrs Heather Wheeler MP,1.588346332,39.6,Conservative,E15000004,East Midlands,#0087DC
E14000936,South Dorset,Richard Drax MP,1.941557424,40.6,Conservative,E15000009,South West,#0087DC
E14000937,South East Cambridgeshire,Lucy Frazer MP,4.649905093,54.7,Conservative,E15000006,Eastern,#0087DC
E14000938,South East Cornwall,Mrs Sheryll Murray MP,2.237291828,44.9,Conservative,E15000009,South West,#0087DC
E14000939,South Holland and The Deepings,Sir John Hayes MP,0.936359858,28.9,Conservative,E15000004,East Midlands,#0087DC
E14000940,South Leicestershire,Alberto Costa MP,1.683915949,41.9,Conservative,E15000004,East Midlands,#0087DC
E14000941,South Norfolk,Mr Richard Bacon MP,2.561074447,49.1,Conservative,E15000006,Eastern,#0087DC
E14000942,South Northamptonshire,Rt Hon Andrea Leadsom MP,2.46731337,46.7,Conservative,E15000004,East Midlands,#0087DC
E14000943,South Ribble,Seema Kennedy MP,1.73776859,43.4,Conservative,E15000002,North West,#0087DC
E14000944,South Shields,Mrs Emma Lewell-Buck MP,1.188760272,37.9,Labour,E15000001,North East,#DC241f
E14000945,South Staffordshire,Rt Hon Gavin Williamson MP,0.980856473,34.8,Conservative,E15000005,West Midlands,#0087DC
E14000946,South Suffolk,James Cartlidge MP,2.161118144,46,Conservative,E15000006,Eastern,#0087DC
E14000947,South Swindon,Robert Buckland MP,2.185175503,48.3,Conservative,E15000009,South West,#0087DC
E14000948,South Thanet,Craig Mackinlay MP,2.155156314,38.3,Conservative,E15000008,South East,#0087DC
E14000949,South West Bedfordshire,Andrew Selous MP,2.058045665,41.9,Conservative,E15000006,Eastern,#0087DC
E14000950,South West Devon,Sir Gary Streeter MP,2.132998745,44.9,Conservative,E15000009,South West,#0087DC
E14000951,South West Hertfordshire,Rt Hon David Gauke MP,3.505747126,53.8,Conservative,E15000006,Eastern,#0087DC
E14000952,South West Norfolk,Rt Hon Elizabeth Truss MP,1.258638839,33.3,Conservative,E15000006,Eastern,#0087DC
E14000953,South West Surrey,Rt Hon Jeremy Hunt MP,4.510966357,59.3,Conservative,E15000008,South East,#0087DC
E14000954,South West Wiltshire,Dr Andrew Murrison MP,2.164957275,43.1,Conservative,E15000009,South West,#0087DC
E14000955,"Southampton, Itchen",Royston Smith MP,2.134914752,39.7,Conservative,E15000008,South East,#0087DC
E14000956,"Southampton, Test",Dr Alan Whitehead MP,2.671798304,50.6,Labour,E15000008,South East,#DC241f
E14000957,Southend West,Sir David Amess MP,2.215562307,44.9,Conservative,E15000006,Eastern,#0087DC
E14000958,Southport,Damien Moore MP,2.086956522,53.7,Conservative,E15000002,North West,#0087DC
E14000959,Spelthorne,Kwasi Kwarteng MP,2.122850501,39.7,Conservative,E15000008,South East,#0087DC
E14000960,St Albans,Mrs Anne Main MP,5.217369087,62.2,Conservative,E15000006,Eastern,#0087DC
E14000961,St Austell and Newquay,Steve Double MP,1.706824954,35.9,Conservative,E15000009,South West,#0087DC
E14000962,St Helens North,Conor McGinn MP,1.423778115,41.6,Labour,E15000002,North West,#DC241f
E14000963,St Helens South and Whiston,Ms Marie Rimmer MP,1.557811715,43.9,Labour,E15000002,North West,#DC241f
E14000964,St Ives,Derek Thomas MP,2.660483622,45.2,Conservative,E15000009,South West,#0087DC
E14000965,Stafford,Jeremy Lefroy MP,1.677886319,42.5,Conservative,E15000005,West Midlands,#0087DC
E14000966,Staffordshire Moorlands,Rt Hon Karen Bradley MP,1.385972281,35.3,Conservative,E15000005,West Midlands,#0087DC
E14000967,Stalybridge and Hyde,Jonathan Reynolds MP,1.676649982,40.7,Labour,E15000002,North West,#DC241f
E14000968,Stevenage,Stephen McPartland MP,1.986641773,43,Conservative,E15000006,Eastern,#0087DC
E14000969,Stockport,Ann Coffey MP,3.395242559,53.2,Independent,E15000002,North West,#DDDDDD
E14000970,Stockton North,Alex Cunningham MP,1.058691651,33.7,Labour,E15000001,North East,#DC241f
E14000971,Stockton South,Dr Paul Williams MP,1.405319963,42.2,Labour,E15000001,North East,#DC241f
E14000972,Stoke-on-Trent Central,Gareth Snell MP,1.052631579,35.2,Labour,E15000005,West Midlands,#DC241f
E14000973,Stoke-on-Trent North,Ruth Smeeth MP,0.68561001,27.9,Labour,E15000005,West Midlands,#DC241f
E14000974,Stoke-on-Trent South,Jack Brereton MP,0.783594294,28.9,Conservative,E15000005,West Midlands,#0087DC
E14000975,Stone,Sir William Cash MP,1.5156906,42.5,Conservative,E15000005,West Midlands,#0087DC
E14000976,Stourbridge,Margot James MP,1.354268891,36.3,Conservative,E15000005,West Midlands,#0087DC
E14000977,Stratford-on-Avon,Nadhim Zahawi MP,2.671684664,49,Conservative,E15000005,West Midlands,#0087DC
E14000978,Streatham,Chuka Umunna MP,5.716412056,79.5,Independent,E15000007,London,#DDDDDD
E14000979,Stretford and Urmston,Kate Green MP,3.152200703,51.1,Labour,E15000002,North West,#DC241f
E14000980,Stroud,Dr David Drew MP,3.573863432,54.1,Labour,E15000009,South West,#DC241f
E14000981,Suffolk Coastal,Dr Thérèse Coffey MP,2.359589082,44.8,Conservative,E15000006,Eastern,#0087DC
E14000982,Sunderland Central,Julie Elliott MP,1.302896262,40.1,Labour,E15000001,North East,#DC241f
E14000983,Surrey Heath,Rt Hon Michael Gove MP,2.674769909,48.1,Conservative,E15000008,South East,#0087DC
E14000984,Sutton and Cheam,Paul Scully MP,2.851447941,48.7,Conservative,E15000007,London,#0087DC
E14000985,Sutton Coldfield,Rt Hon Andrew Mitchell MP,2.017011903,48.3,Conservative,E15000005,West Midlands,#0087DC
E14000986,Tamworth,Rt Hon Christopher Pincher MP,1.25495289,34,Conservative,E15000005,West Midlands,#0087DC
E14000987,Tatton,Rt Hon Esther McVey MP,2.844450918,54.4,Conservative,E15000002,North West,#0087DC
E14000988,Taunton Deane,Rebecca Pow MP,2.281681419,47.1,Conservative,E15000009,South West,#0087DC
E14000989,Telford,Lucy Allan MP,1.295707797,33.8,Conservative,E15000005,West Midlands,#0087DC
E14000990,Tewkesbury,Mr Laurence Robertson MP,2.287924711,46.4,Conservative,E15000009,South West,#0087DC
E14000991,The Cotswolds,Sir Geoffrey Clifton-Brown MP,3.066557828,52.1,Conservative,E15000009,South West,#0087DC
E14000992,The Wrekin,Mark Pritchard MP,1.518377558,40.7,Conservative,E15000005,West Midlands,#0087DC
E14000993,Thirsk and Malton,Kevin Hollinrake MP,1.837159237,43.6,Conservative,E15000003,Yorkshire and The Humber,#0087DC
E14000994,Thornbury and Yate,Luke Hall MP,2.577873255,47.8,Conservative,E15000009,South West,#0087DC
E14000995,Thurrock,Jackie Doyle-Price MP,0.939345427,29.7,Conservative,E15000006,Eastern,#0087DC
E14000996,Tiverton and Honiton,Neil Parish MP,2.100977395,42.2,Conservative,E15000009,South West,#0087DC
E14000997,Tonbridge and Malling,Tom Tugendhat MP,2.920917579,47.1,Conservative,E15000008,South East,#0087DC
E14000998,Tooting,Dr Rosena Allin-Khan MP,5.829421866,74.4,Labour,E15000007,London,#DC241f
E14000999,Torbay,Kevin Foster MP,1.475595914,37.5,Conservative,E15000009,South West,#0087DC
E14001000,Torridge and West Devon,Rt Hon Geoffrey Cox QC MP,2.136690474,42.8,Conservative,E15000009,South West,#0087DC
E14001001,Totnes,Dr Sarah Wollaston MP,3.27980095,46.1,Independent,E15000009,South West,#DDDDDD
E14001002,Tottenham,Rt Hon David Lammy MP,3.459174392,76.2,Labour,E15000007,London,#DC241f
E14001003,Truro and Falmouth,Sarah Newton MP,3.694780146,54.1,Conservative,E15000009,South West,#0087DC
E14001004,Tunbridge Wells,Rt Hon Greg Clark MP,3.614904013,55.4,Conservative,E15000008,South East,#0087DC
E14001005,Twickenham,Rt Hon Sir Vince Cable MP,6.072660356,66.7,Liberal Democrat,E15000007,London,#FAA61A
E14001006,Tynemouth,Sir Alan Campbell MP,3.067831772,52.4,Labour,E15000001,North East,#DC241f
E14001007,Uxbridge and South Ruislip,Rt Hon Boris Johnson MP,1.808848692,42.8,Conservative,E15000007,London,#0087DC
E14001008,Vauxhall,Kate Hoey MP,5.885914626,77.6,Labour,E15000007,London,#DC241f
E14001009,Wakefield,Mary Creagh MP,1.313217767,37.2,Labour,E15000003,Yorkshire and The Humber,#DC241f
E14001010,Wallasey,Ms Angela Eagle MP,2.194829894,50.1,Labour,E15000002,North West,#DC241f
E14001011,Walsall North,Eddie Hughes MP,0.476215956,25.8,Conservative,E15000005,West Midlands,#0087DC
E14001012,Walsall South,Valerie Vaz MP,0.806744959,38.4,Labour,E15000005,West Midlands,#DC241f
E14001013,Walthamstow,Stella Creasy MP,5.124429224,66.5,Labour,E15000007,London,#DC241f
E14001014,Wansbeck,Ian Lavery MP,1.314657449,43.7,Labour,E15000001,North East,#DC241f
E14001015,Wantage,Rt Hon Edward Vaizey MP,4.122695626,53.5,Conservative,E15000008,South East,#0087DC
E14001016,Warley,Rt Hon John Spellar MP,1.082158228,38.4,Labour,E15000005,West Midlands,#DC241f
E14001017,Warrington North,Helen Jones MP,1.6205513,41.9,Labour,E15000002,North West,#DC241f
E14001018,Warrington South,Faisal Rashid MP,2.496205858,48.9,Labour,E15000002,North West,#DC241f
E14001019,Warwick and Leamington,Matt Western MP,4.222407507,58.4,Labour,E15000005,West Midlands,#DC241f
E14001020,Washington and Sunderland West,Mrs Sharon Hodgson MP,1.07786844,38.1,Labour,E15000001,North East,#DC241f
E14001021,Watford,Richard Harrington MP,2.308413531,48.8,Conservative,E15000006,Eastern,#0087DC
E14001022,Waveney,Peter Aldous MP,1.259026986,36.6,Conservative,E15000006,Eastern,#0087DC
E14001023,Wealden,Ms Nusrat Ghani MP,2.745134255,47.2,Conservative,E15000008,South East,#0087DC
E14001024,Weaver Vale,Mike Amesbury MP,2.406999075,49.4,Labour,E15000002,North West,#DC241f
E14001025,Wellingborough,Mr Peter Bone MP,1.376577567,37,Conservative,E15000004,East Midlands,#0087DC
E14001026,Wells,James Heappey MP,2.569598136,46.4,Conservative,E15000009,South West,#0087DC
E14001027,Welwyn Hatfield,Rt Hon Grant Shapps MP,2.308978161,47.2,Conservative,E15000006,Eastern,#0087DC
E14001028,Wentworth and Dearne,Rt Hon John Healey MP,0.774532242,29.7,Labour,E15000003,Yorkshire and The Humber,#DC241f
E14001029,West Bromwich East,Tom Watson MP,0.548417645,31.8,Labour,E15000005,West Midlands,#DC241f
E14001030,West Bromwich West,Mr Adrian Bailey MP,0.524740761,31.3,Labour,E15000005,West Midlands,#DC241f
E14001031,West Dorset,Rt Hon Sir Oliver Letwin MP,2.849416347,49,Conservative,E15000009,South West,#0087DC
E14001032,West Ham,Lyn Brown MP,2.178725063,52,Labour,E15000007,London,#DC241f
E14001033,West Lancashire,Rosie Cooper MP,1.762232416,45,Labour,E15000002,North West,#DC241f
E14001034,West Suffolk,Rt Hon Matt Hancock MP,1.590547844,36.8,Conservative,E15000006,Eastern,#0087DC
E14001035,West Worcestershire,Harriett Baldwin MP,2.58144139,47.5,Conservative,E15000005,West Midlands,#0087DC
E14001036,Westminster North,Ms Karen Buck MP,3.358425584,66.3,Labour,E15000007,London,#DC241f
E14001037,Westmorland and Lonsdale,Tim Farron MP,2.860886034,52.9,Liberal Democrat,E15000002,North West,#FAA61A
E14001038,Weston-super-Mare,John Penrose MP,1.928449436,42.8,Conservative,E15000009,South West,#0087DC
E14001039,Wigan,Lisa Nandy MP,1.254219179,37,Labour,E15000002,North West,#DC241f
E14001040,Wimbledon,Stephen Hammond MP,5.958358612,70.6,Conservative,E15000007,London,#0087DC
E14001041,Winchester,Steve Brine MP,4.458021334,60.4,Conservative,E15000008,South East,#0087DC
E14001042,Windsor,Adam Afriyie MP,3.142292733,53.3,Conservative,E15000008,South East,#0087DC
E14001043,Wirral South,Alison McGovern MP,2.504646127,53.5,Labour,E15000002,North West,#DC241f
E14001044,Wirral West,Margaret Greenwood MP,2.856682019,55.3,Labour,E15000002,North West,#DC241f
E14001045,Witham,Rt Hon Priti Patel MP,1.831542156,39.5,Conservative,E15000006,Eastern,#0087DC
E14001046,Witney,Robert Courts MP,3.644462909,53.7,Conservative,E15000008,South East,#0087DC
E14001047,Woking,Mr Jonathan Lord MP,3.682712715,55.7,Conservative,E15000008,South East,#0087DC
E14001048,Wokingham,Rt Hon John Redwood MP,3.753942839,57.3,Conservative,E15000008,South East,#0087DC
E14001049,Wolverhampton North East,Emma Reynolds MP,0.6216478,32.3,Labour,E15000005,West Midlands,#DC241f
E14001050,Wolverhampton South East,Rt Hon Pat McFadden MP,0.557586708,31.9,Labour,E15000005,West Midlands,#DC241f
E14001051,Wolverhampton South West,Eleanor Smith MP,1.282659649,45.6,Labour,E15000005,West Midlands,#DC241f
E14001052,Worcester,Mr Robin Walker MP,2.388125776,46.3,Conservative,E15000005,West Midlands,#0087DC
E14001053,Workington,Sue Hayman MP,1.28326627,39,Labour,E15000002,North West,#DC241f
E14001054,Worsley and Eccles South,Barbara Keeley MP,1.70295569,40.2,Labour,E15000002,North West,#DC241f
E14001055,Worthing West,Sir Peter Bottomley MP,2.410273377,44,Conservative,E15000008,South East,#0087DC
E14001056,Wycombe,Mr Steve Baker MP,2.521839656,51.5,Conservative,E15000008,South East,#0087DC
E14001057,Wyre and Preston North,Rt Hon Ben Wallace MP,1.717520629,45.8,Conservative,E15000002,North West,#0087DC
E14001058,Wyre Forest,Mark Garnier MP,1.345567254,36.9,Conservative,E15000005,West Midlands,#0087DC
E14001059,Wythenshawe and Sale East,Mike Kane MP,2.474724795,50.4,Labour,E15000002,North West,#DC241f
E14001060,Yeovil,Mr Marcus Fysh MP,1.586767214,40.1,Conservative,E15000009,South West,#0087DC
E14001061,York Central,Rachael Maskell MP,4.326809207,61.2,Labour,E15000003,Yorkshire and The Humber,#DC241f
E14001062,York Outer,Julian Sturdy MP,3.128769698,55.3,Conservative,E15000003,Yorkshire and The Humber,#0087DC
N06000001,Belfast East,Gavin Robinson MP,1.912717309,48.1,Democratic Unionist Party,N07000001,Northern Ireland,#D46A4C
N06000002,Belfast North,Rt Hon Nigel Dodds MP,1.429234688,50.4,Democratic Unionist Party,N07000001,Northern Ireland,#D46A4C
N06000003,Belfast South,Emma Little Pengelly MP,3.001413942,69.5,Democratic Unionist Party,N07000001,Northern Ireland,#D46A4C
N06000004,Belfast West,Paul Maskey MP,1.154520446,74.1,Sinn Féin,N07000001,Northern Ireland,#326760
N06000005,East Antrim,Rt Hon Sammy Wilson MP,1.216333623,44.8,Democratic Unionist Party,N07000001,Northern Ireland,#D46A4C
N06000006,East Londonderry,Mr Gregory Campbell MP,0.886189891,52,Democratic Unionist Party,N07000001,Northern Ireland,#D46A4C
N06000007,Fermanagh and South Tyrone,Michelle Gildernew MP,0.871878233,58.6,Sinn Féin,N07000001,Northern Ireland,#326760
N06000008,Foyle,Elisha McCallion MP,1.745196206,78.3,Sinn Féin,N07000001,Northern Ireland,#326760
N06000009,Lagan Valley,Rt Hon Sir Jeffrey M. Donaldson MP,1.548853057,46.9,Democratic Unionist Party,N07000001,Northern Ireland,#D46A4C
N06000010,Mid Ulster,Francie Molloy MP,0.846752166,60.4,Sinn Féin,N07000001,Northern Ireland,#326760
N06000011,Newry and Armagh,Mickey Brady MP,1.058213073,62.9,Sinn Féin,N07000001,Northern Ireland,#326760
N06000012,North Antrim,Ian Paisley MP,0.706909696,37.8,Democratic Unionist Party,N07000001,Northern Ireland,#D46A4C
N06000013,North Down,Lady Hermon MP,1.779359431,52.4,Independent,N07000001,Northern Ireland,#DDDDDD
N06000014,South Antrim,Paul Girvan MP,1.293059126,58.8,Democratic Unionist Party,N07000001,Northern Ireland,#D46A4C
N06000015,South Down,Chris Hazzard MP,1.392899408,67.2,Sinn Féin,N07000001,Northern Ireland,#326760
N06000016,Strangford,Jim Shannon MP,1.177026445,44.5,Democratic Unionist Party,N07000001,Northern Ireland,#D46A4C
N06000017,Upper Bann,David Simpson MP,0.94693192,47.4,Democratic Unionist Party,N07000001,Northern Ireland,#D46A4C
N06000018,West Tyrone,Órfhlaith Begley MP,0.939020573,66.8,Sinn Féin,N07000001,Northern Ireland,#326760
S14000001,Aberdeen North,Kirsty Blackman MP,2.555636346,56.9,Scottish National Party,S15000001,Scotland,#FEF987
S14000002,Aberdeen South,Ross Thomson MP,2.858855479,67.9,Conservative,S15000001,Scotland,#0087DC
S14000003,Airdrie and Shotts,Neil Gray MP,1.432606649,60.2,Scottish National Party,S15000001,Scotland,#FEF987
S14000004,Angus,Kirstene Hair MP,1.57896989,51.8,Conservative,S15000001,Scotland,#0087DC
S14000005,Argyll and Bute,Brendan O'Hara MP,2.788922052,60.6,Scottish National Party,S15000001,Scotland,#FEF987
S14000006,"Ayr, Carrick and Cumnock",Bill Grant MP,1.625983833,55.9,Conservative,S15000001,Scotland,#0087DC
S14000007,Banff and Buchan,David Duguid MP,1.129438531,46.4,Conservative,S15000001,Scotland,#0087DC
S14000008,"Berwickshire, Roxburgh and Selkirk",John Lamont MP,2.332376661,56.7,Conservative,S15000001,Scotland,#0087DC
S14000009,"Caithness, Sutherland and Easter Ross",Jamie Stone MP,1.856785339,48.7,Liberal Democrat,S15000001,Scotland,#FAA61A
S14000010,Central Ayrshire,Dr Philippa Whitford MP,1.784063857,58.4,Scottish National Party,S15000001,Scotland,#FEF987
S14000011,"Coatbridge, Chryston and Bellshill",Hugh Gaffney MP,1.867825582,61.2,Labour,S15000001,Scotland,#DC241f
S14000012,"Cumbernauld, Kilsyth and Kirkintilloch East",Stuart C. McDonald MP,2.492216435,63,Scottish National Party,S15000001,Scotland,#FEF987
S14000013,Dumfries and Galloway,Mr Alister Jack MP,1.717114423,54.9,Conservative,S15000001,Scotland,#0087DC
S14000014,"Dumfriesshire, Clydesdale and Tweeddale",Rt Hon David Mundell MP,2.520639506,55.4,Conservative,S15000001,Scotland,#0087DC
S14000015,Dundee East,Stewart Hosie MP,2.308288792,61.6,Scottish National Party,S15000001,Scotland,#FEF987
S14000016,Dundee West,Chris Law MP,2.621584194,59.3,Scottish National Party,S15000001,Scotland,#FEF987
S14000017,Dunfermline and West Fife,Douglas Chapman MP,2.88477361,60.6,Scottish National Party,S15000001,Scotland,#FEF987
S14000018,East Dunbartonshire,Jo Swinson MP,4.080682467,73.1,Liberal Democrat,S15000001,Scotland,#FAA61A
S14000019,"East Kilbride, Strathaven and Lesmahagow",Dr Lisa Cameron MP,2.608314001,63.1,Scottish National Party,S15000001,Scotland,#FEF987
S14000020,East Lothian,Martin Whitfield MP,3.597825952,64.6,Labour,S15000001,Scotland,#DC241f
S14000021,East Renfrewshire,Paul Masterton MP,3.70008514,74.3,Conservative,S15000001,Scotland,#0087DC
S14000022,Edinburgh East,Tommy Sheppard MP,5.953522238,72.4,Scottish National Party,S15000001,Scotland,#FEF987
S14000023,Edinburgh North and Leith,Deidre Brock MP,7.830020591,78.2,Scottish National Party,S15000001,Scotland,#FEF987
S14000024,Edinburgh South,Ian Murray MP,6.788990826,77.8,Labour,S15000001,Scotland,#DC241f
S14000025,Edinburgh South West,Joanna Cherry QC MP,5.098132792,72.1,Scottish National Party,S15000001,Scotland,#FEF987
S14000026,Edinburgh West,Christine Jardine MP,4.666252593,71.2,Liberal Democrat,S15000001,Scotland,#FAA61A
S14000027,Na h-Eileanan an Iar,Angus Brendan MacNeil MP,2.088678821,55.2,Scottish National Party,S15000001,Scotland,#FEF987
S14000028,Falkirk,John McNally MP,2.255748575,57.9,Scottish National Party,S15000001,Scotland,#FEF987
S14000029,Glasgow Central,Alison Thewliss MP,4.878923767,71.2,Scottish National Party,S15000001,Scotland,#FEF987
S14000030,Glasgow East,David Linden MP,1.584910972,56.2,Scottish National Party,S15000001,Scotland,#FEF987
S14000031,Glasgow North,Patrick Grady MP,6.384389045,78.4,Scottish National Party,S15000001,Scotland,#FEF987
S14000032,Glasgow North East,Mr Paul Sweeney MP,2.138286475,59.3,Labour,S15000001,Scotland,#DC241f
S14000033,Glasgow North West,Carol Monaghan MP,3.748529641,68.5,Scottish National Party,S15000001,Scotland,#FEF987
S14000034,Glasgow South,Stewart Malcolm McDonald MP,4.741248308,71.8,Scottish National Party,S15000001,Scotland,#FEF987
S14000035,Glasgow South West,Chris Stephens MP,2.058308865,59.1,Scottish National Party,S15000001,Scotland,#FEF987
S14000036,Glenrothes,Peter Grant MP,1.327972365,52.4,Scottish National Party,S15000001,Scotland,#FEF987
S14000037,Gordon,Colin Clark MP,2.550896458,55.7,Conservative,S15000001,Scotland,#0087DC
S14000038,Inverclyde,Ronnie Cowan MP,2.000678196,63.8,Scottish National Party,S15000001,Scotland,#FEF987
S14000039,"Inverness, Nairn, Badenoch and Strathspey",Drew Hendry MP,2.586071657,59.9,Scottish National Party,S15000001,Scotland,#FEF987
S14000040,Kilmarnock and Loudoun,Alan Brown MP,1.78969179,60.5,Scottish National Party,S15000001,Scotland,#FEF987
S14000041,Kirkcaldy and Cowdenbeath,Lesley Laird MP,1.995291575,56.7,Labour,S15000001,Scotland,#DC241f
S14000042,Lanark and Hamilton East,Angela Crawley MP,1.902225126,64,Scottish National Party,S15000001,Scotland,#FEF987
S14000043,Linlithgow and East Falkirk,Martyn Day MP,2.49431083,58,Scottish National Party,S15000001,Scotland,#FEF987
S14000044,Livingston,Hannah Bardell MP,2.615091256,56.7,Scottish National Party,S15000001,Scotland,#FEF987
S14000045,Midlothian,Danielle Rowley MP,3.189119821,62.1,Labour,S15000001,Scotland,#DC241f
S14000046,Moray,Douglas Ross MP,1.779321823,50.1,Conservative,S15000001,Scotland,#0087DC
S14000047,Motherwell and Wishaw,Marion Fellows MP,1.693512798,62.3,Scottish National Party,S15000001,Scotland,#FEF987
S14000048,North Ayrshire and Arran,Patricia Gibson MP,1.87405409,57.6,Scottish National Party,S15000001,Scotland,#FEF987
S14000049,North East Fife,Stephen Gethins MP,3.3203154,63.7,Scottish National Party,S15000001,Scotland,#FEF987
S14000050,Ochil and South Perthshire,Luke Graham MP,2.636502174,60.5,Conservative,S15000001,Scotland,#0087DC
S14000051,Orkney and Shetland,Rt Hon Alistair Carmichael MP,2.9304539,59.7,Liberal Democrat,S15000001,Scotland,#FAA61A
S14000052,Paisley and Renfrewshire North,Gavin Newlands MP,2.676998943,64.5,Scottish National Party,S15000001,Scotland,#FEF987
S14000053,Paisley and Renfrewshire South,Mhairi Black MP,2.434475879,65.2,Scottish National Party,S15000001,Scotland,#FEF987
S14000054,Perth and North Perthshire,Pete Wishart MP,2.431577126,60.1,Scottish National Party,S15000001,Scotland,#FEF987
S14000055,"Ross, Skye and Lochaber",Rt Hon Ian Blackford MP,3.391242912,56.5,Scottish National Party,S15000001,Scotland,#FEF987
S14000056,Rutherglen and Hamilton West,Ged Killen MP,2.398181927,62.4,Labour,S15000001,Scotland,#DC241f
S14000057,Stirling,Stephen Kerr MP,3.718811612,67.7,Conservative,S15000001,Scotland,#0087DC
S14000058,West Aberdeenshire and Kincardine,Andrew Bowie MP,3.230387408,60.8,Conservative,S15000001,Scotland,#0087DC
S14000059,West Dunbartonshire,Martin Docherty-Hughes MP,1.957841789,62,Scottish National Party,S15000001,Scotland,#FEF987
W07000041,Ynys Môn,Albert Owen MP,1.78656968,49.1,Labour,W08000001,Wales,#DC241f
W07000042,Delyn,Rt Hon David Hanson MP,1.739364084,45.6,Labour,W08000001,Wales,#DC241f
W07000043,Alyn and Deeside,Rt Hon Mark Tami MP,1.696829218,41.9,Labour,W08000001,Wales,#DC241f
W07000044,Wrexham,Ian C. Lucas MP,1.451357954,42.4,Labour,W08000001,Wales,#DC241f
W07000045,Llanelli,Nia Griffith MP,1.40750363,43.3,Labour,W08000001,Wales,#DC241f
W07000046,Gower,Tonia Antoniazzi MP,2.271832738,50.7,Labour,W08000001,Wales,#DC241f
W07000047,Swansea West,Geraint Davies MP,2.410380534,56.6,Labour,W08000001,Wales,#DC241f
W07000048,Swansea East,Carolyn Harris MP,1.240981686,38.2,Labour,W08000001,Wales,#DC241f
W07000049,Aberavon,Stephen Kinnock MP,1.201646091,39.9,Labour,W08000001,Wales,#DC241f
W07000050,Cardiff Central,Jo Stevens MP,3.666245259,68,Labour,W08000001,Wales,#DC241f
W07000051,Cardiff North,Anna McMorrin MP,3.828498742,60.9,Labour,W08000001,Wales,#DC241f
W07000052,Rhondda,Chris Bryant MP,1.03070295,39.6,Labour,W08000001,Wales,#DC241f
W07000053,Torfaen,Nick Thomas-Symonds MP,1.211245523,39.2,Labour,W08000001,Wales,#DC241f
W07000054,Monmouth,David T. C. Davies MP,2.680081406,51.9,Conservative,W08000001,Wales,#0087DC
W07000055,Newport East,Jessica Morden MP,1.55737836,40.7,Labour,W08000001,Wales,#DC241f
W07000056,Newport West,None,2.031327192,46.3,None,W08000001,Wales,#EEEEEE
W07000057,Arfon,Hywel Williams MP,3.273600961,64.2,Plaid Cymru,W08000001,Wales,#008142
W07000058,Aberconwy,Guto Bebb MP,1.998596028,47.8,Conservative,W08000001,Wales,#0087DC
W07000059,Clwyd West,Rt Hon David Jones MP,1.812296643,47,Conservative,W08000001,Wales,#0087DC
W07000060,Vale of Clwyd,Chris Ruane MP,1.448589116,43.4,Labour,W08000001,Wales,#DC241f
W07000061,Dwyfor Meirionnydd,Rt Hon Liz Saville Roberts MP,1.990592812,52.6,Plaid Cymru,W08000001,Wales,#008142
W07000062,Clwyd South,Susan Elan Jones MP,1.472521693,40.1,Labour,W08000001,Wales,#DC241f
W07000063,Montgomeryshire,Glyn Davies MP,1.97255908,44.2,Conservative,W08000001,Wales,#0087DC
W07000064,Ceredigion,Ben Lake MP,3.153649905,54.6,Plaid Cymru,W08000001,Wales,#008142
W07000065,Preseli Pembrokeshire,Rt Hon Stephen Crabb MP,1.774596252,44.7,Conservative,W08000001,Wales,#0087DC
W07000066,Carmarthen West and South Pembrokeshire,Simon Hart MP,1.76156074,44.8,Conservative,W08000001,Wales,#0087DC
W07000067,Carmarthen East and Dinefwr,Jonathan Edwards MP,1.913908421,46.8,Plaid Cymru,W08000001,Wales,#008142
W07000068,Brecon and Radnorshire,Chris Davies MP,2.411250154,48.1,Conservative,W08000001,Wales,#0087DC
W07000069,Neath,Christina Rees MP,1.375915597,46,Labour,W08000001,Wales,#DC241f
W07000070,Cynon Valley,Rt Hon Ann Clwyd MP,1.098664369,43.3,Labour,W08000001,Wales,#DC241f
W07000071,Merthyr Tydfil and Rhymney,Gerald Jones MP,1.017756605,41.6,Labour,W08000001,Wales,#DC241f
W07000072,Blaenau Gwent,Nick Smith MP,0.772469405,38,Labour,W08000001,Wales,#DC241f
W07000073,Bridgend,Mrs Madeleine Moon MP,1.644311751,49.7,Labour,W08000001,Wales,#DC241f
W07000074,Ogmore,Chris Elmore MP,1.336354085,41.1,Labour,W08000001,Wales,#DC241f
W07000075,Pontypridd,Owen Smith MP,2.049406147,53.5,Labour,W08000001,Wales,#DC241f
W07000076,Caerphilly,Wayne David MP,1.603921341,44.9,Labour,W08000001,Wales,#DC241f
W07000077,Islwyn,Chris Evans MP,1.220999209,41.1,Labour,W08000001,Wales,#DC241f
W07000078,Vale of Glamorgan,Rt Hon Alun Cairns MP,2.248290571,47.4,Conservative,W08000001,Wales,#0087DC
W07000079,Cardiff West,Kevin Brennan MP,4.058480021,56.2,Labour,W08000001,Wales,#DC241f
W07000080,Cardiff South and Penarth,Stephen Doughty MP,3.153764062,57.2,Labour,W08000001,Wales,#DC241f