"ons_code","name","mp","percsigned","Remain","polParty","EER17CD","EER17NM","partyColour"
"E14000530","Aldershot","Leo Docherty MP",8.91145224112774,42.1,"Conservative","E15000008","South East","#0087DC"
"E14000531","Aldridge-Brownhills","Wendy Morton MP",4.71531676022454,32.2,"Conservative","E15000005","West Midlands","#0087DC"
"E14000532","Altrincham and Sale West","Sir Graham Brady MP",16.8942973655253,61.4,"Conservative","E15000002","North West","#0087DC"
"E14000533","Amber Valley","Nigel Mills MP",5.50248742582263,34.7,"Conservative","E15000004","East Midlands","#0087DC"
"E14000534","Arundel and South Downs","Rt Hon Nick Herbert MP",15.3163111160237,50.3,"Conservative","E15000008","South East","#0087DC"
"E14000535","Ashfield","Gloria De Piero MP",3.9584493112393,29.5,"Labour","E15000004","East Midlands","#DC241f"
"E14000536","Ashford","Rt Hon Damian Green MP",9.39128211138696,40.1,"Conservative","E15000008","South East","#0087DC"
"E14000537","Ashton-under-Lyne","Angela Rayner MP",5.40209400757407,38.2,"Labour","E15000002","North West","#DC241f"
"E14000538","Aylesbury","Rt Hon David Lidington MP",10.5509550387265,48.2,"Conservative","E15000008","South East","#0087DC"
"E14000539","Banbury","Victoria Prentis MP",12.6414677973582,49.7,"Conservative","E15000008","South East","#0087DC"
"E14000540","Barking","Rt Hon Dame Margaret Hodge MP",5.65281455759462,40,"Labour","E15000007","London","#DC241f"
"E14000541","Barnsley Central","Dan Jarvis MP",4.23959548813691,31.8,"Labour","E15000003","Yorkshire and The Humber","#DC241f"
"E14000542","Barnsley East","Stephanie Peacock MP",3.19134695188884,29,"Labour","E15000003","Yorkshire and The Humber","#DC241f"
"E14000543","Barrow and Furness","John Woodcock MP",6.54936600655364,42.7,"Independent","E15000002","North West","#DDDDDD"
"E14000544","Basildon and Billericay","Mr John Baron MP",6.87028121238647,32.9,"Conservative","E15000006","Eastern","#0087DC"
"E14000545","Basingstoke","Rt Hon Maria Miller MP",10.6624170707173,46.4,"Conservative","E15000008","South East","#0087DC"
"E14000546","Bassetlaw","John Mann MP",4.65420560747664,31.7,"Labour","E15000004","East Midlands","#DC241f"
"E14000547","Bath","Wera Hobhouse MP",22.8206263840557,68.3,"Liberal Democrat","E15000009","South West","#FAA61A"
"E14000548","Batley and Spen","Tracy Brabin MP",4.7961489572054,40.4,"Labour","E15000003","Yorkshire and The Humber","#DC241f"
"E14000549","Battersea","Marsha De Cordova MP",25.4605573925366,78,"Labour","E15000007","London","#DC241f"
"E14000550","Beaconsfield","Rt Hon Dominic Grieve QC MP",14.3284437742245,51,"Conservative","E15000008","South East","#0087DC"
"E14000551","Beckenham","Bob Stewart MP",16.3394553514883,53.4,"Conservative","E15000007","London","#0087DC"
"E14000552","Bedford","Mohammad Yasin MP",9.36697404789277,48.1,"Labour","E15000006","Eastern","#DC241f"
"E14000553","Bermondsey and Old Southwark","Neil Coyle MP",20.8852621582782,73.9,"Labour","E15000007","London","#DC241f"
"E14000554","Berwick-upon-Tweed","Anne-Marie Trevelyan MP",8.25692424434046,44.7,"Conservative","E15000001","North East","#0087DC"
"E14000555","Bethnal Green and Bow","Rushanara Ali MP",20.8295240888,69.1,"Labour","E15000007","London","#DC241f"
"E14000556","Beverley and Holderness","Graham Stuart MP",7.26951865149394,41.3,"Conservative","E15000003","Yorkshire and The Humber","#0087DC"
"E14000557","Bexhill and Battle","Huw Merriman MP",10.2495728863647,42.3,"Conservative","E15000008","South East","#0087DC"
"E14000558","Bexleyheath and Crayford","Rt Hon Sir David Evennett MP",7.13117707380616,34.7,"Conservative","E15000007","London","#0087DC"
"E14000559","Birkenhead","Rt Hon Frank Field MP",8.42868422941641,48.3,"Independent","E15000002","North West","#DDDDDD"
"E14000560","Birmingham, Edgbaston","Preet Kaur Gill MP",10.1444208699007,52.7,"Labour","E15000005","West Midlands","#DC241f"
"E14000561","Birmingham, Erdington","Jack Dromey MP",4.52191028695742,37,"Labour","E15000005","West Midlands","#DC241f"
"E14000562","Birmingham, Hall Green","Mr Roger Godsiff MP",10.3309676382094,66.4,"Labour","E15000005","West Midlands","#DC241f"
"E14000563","Birmingham, Hodge Hill","Rt Hon Liam Byrne MP",2.93212732488202,48.5,"Labour","E15000005","West Midlands","#DC241f"
"E14000564","Birmingham, Ladywood","Shabana Mahmood MP",6.39906816754784,64.4,"Labour","E15000005","West Midlands","#DC241f"
"E14000565","Birmingham, Northfield","Richard Burden MP",6.59078979374976,38.2,"Labour","E15000005","West Midlands","#DC241f"
"E14000566","Birmingham, Perry Barr","Mr Khalid Mahmood MP",3.94735253275373,48.8,"Labour","E15000005","West Midlands","#DC241f"
"E14000567","Birmingham, Selly Oak","Steve McCabe MP",11.4908831712308,53.1,"Labour","E15000005","West Midlands","#DC241f"
"E14000568","Birmingham, Yardley","Jess Phillips MP",4.55247946455735,39.9,"Labour","E15000005","West Midlands","#DC241f"
"E14000569","Bishop Auckland","Helen Goodman MP",5.37755841838157,39.1,"Labour","E15000001","North East","#DC241f"
"E14000570","Blackburn","Kate Hollern MP",3.94310589188095,46.3,"Labour","E15000002","North West","#DC241f"
"E14000571","Blackley and Broughton","Graham Stringer MP",6.25705141488798,50,"Labour","E15000002","North West","#DC241f"
"E14000572","Blackpool North and Cleveleys","Paul Maynard MP",4.64356273860277,33.1,"Conservative","E15000002","North West","#0087DC"
"E14000573","Blackpool South","Gordon Marsden MP",4.12623286692184,32.2,"Labour","E15000002","North West","#DC241f"
"E14000574","Blaydon","Liz Twist MP",8.11896993544593,43.9,"Labour","E15000001","North East","#DC241f"
"E14000575","Blyth Valley","Mr Ronnie Campbell MP",5.78375966686496,39.5,"Labour","E15000001","North East","#DC241f"
"E14000576","Bognor Regis and Littlehampton","Rt Hon Nick Gibb MP",6.95556837853433,35.2,"Conservative","E15000008","South East","#0087DC"
"E14000577","Bolsover","Mr Dennis Skinner MP",4.31492635521587,29.6,"Labour","E15000004","East Midlands","#DC241f"
"E14000578","Bolton North East","Sir David Crausby MP",5.52331771720613,41.9,"Labour","E15000002","North West","#DC241f"
"E14000579","Bolton South East","Yasmin Qureshi MP",3.86974504757148,37,"Labour","E15000002","North West","#DC241f"
"E14000580","Bolton West","Chris Green MP",7.30310451062485,44.4,"Conservative","E15000002","North West","#0087DC"
"E14000581","Bootle","Peter Dowd MP",8.72961650016113,45.2,"Labour","E15000002","North West","#DC241f"
"E14000582","Boston and Skegness","Matt Warman MP",3.13339827017639,24.4,"Conservative","E15000004","East Midlands","#0087DC"
"E14000583","Bosworth","David Tredinnick MP",7.4626152596627,39.2,"Conservative","E15000004","East Midlands","#0087DC"
"E14000584","Bournemouth East","Rt Hon Tobias Ellwood MP",11.664727780363,46.3,"Conservative","E15000009","South West","#0087DC"
"E14000585","Bournemouth West","Conor Burns MP",9.65753188753545,42.3,"Conservative","E15000009","South West","#0087DC"
"E14000586","Bracknell","Dr Phillip Lee MP",11.3561735732696,46.8,"Conservative","E15000008","South East","#0087DC"
"E14000587","Bradford East","Imran Hussain MP",4.03951162648015,44.8,"Labour","E15000003","Yorkshire and The Humber","#DC241f"
"E14000588","Bradford South","Judith Cummins MP",3.80728463057259,36.4,"Labour","E15000003","Yorkshire and The Humber","#DC241f"
"E14000589","Bradford West","Naz Shah MP",4.21082852836328,53.3,"Labour","E15000003","Yorkshire and The Humber","#DC241f"
"E14000590","Braintree","James Cleverly MP",7.51535861904343,38.5,"Conservative","E15000006","Eastern","#0087DC"
"E14000591","Brent Central","Dawn Butler MP",11.6285527459042,57.1,"Labour","E15000007","London","#DC241f"
"E14000592","Brent North","Barry Gardiner MP",7.94211693761343,57.4,"Labour","E15000007","London","#DC241f"
"E14000593","Brentford and Isleworth","Ruth Cadbury MP",18.5708127783898,56.7,"Labour","E15000007","London","#DC241f"
"E14000594","Brentwood and Ongar","Alex Burghart MP",9.19356946804339,38.8,"Conservative","E15000006","Eastern","#0087DC"
"E14000595","Bridgwater and West Somerset","Mr Ian Liddell-Grainger MP",7.26815666988671,37.9,"Conservative","E15000009","South West","#0087DC"
"E14000596","Brigg and Goole","Andrew Percy MP",4.67967511608007,33.8,"Conservative","E15000003","Yorkshire and The Humber","#0087DC"
"E14000597","Brighton, Kemptown","Lloyd Russell-Moyle MP",18.7434182980829,56.4,"Labour","E15000008","South East","#DC241f"
"E14000598","Brighton, Pavilion","Caroline Lucas MP",30.598657775498,74.1,"Green Party","E15000008","South East","#528D6B"
"E14000599","Bristol East","Kerry McCarthy MP",15.7417349890726,53.2,"Labour","E15000009","South West","#DC241f"
"E14000600","Bristol North West","Darren Jones MP",18.3594892289697,58.4,"Labour","E15000009","South West","#DC241f"
"E14000601","Bristol South","Karin Smyth MP",17.7780297018479,52.9,"Labour","E15000009","South West","#DC241f"
"E14000602","Bristol West","Thangam Debbonaire MP",31.461964074544,79.3,"Labour","E15000009","South West","#DC241f"
"E14000603","Broadland","Rt Hon Keith Simpson MP",9.50525224516306,45.9,"Conservative","E15000006","Eastern","#0087DC"
"E14000604","Bromley and Chislehurst","Robert Neill MP",14.7641020040408,50.2,"Conservative","E15000007","London","#0087DC"
"E14000605","Bromsgrove","Rt Hon Sajid Javid MP",9.62511366983875,44.6,"Conservative","E15000005","West Midlands","#0087DC"
"E14000606","Broxbourne","Mr Charles Walker MP",6.82780522230064,34.5,"Conservative","E15000006","Eastern","#0087DC"
"E14000607","Broxtowe","Rt Hon Anna Soubry MP",12.111462951235,47.5,"Independent","E15000004","East Midlands","#DDDDDD"
"E14000608","Buckingham","Rt Hon John Bercow MP",15.0070006696293,51.1,"Speaker","E15000008","South East","#ffffff"
"E14000609","Burnley","Julie Cooper MP",3.97655799085406,33.4,"Labour","E15000002","North West","#DC241f"
"E14000610","Burton","Andrew Griffiths MP",5.786577068054,35.2,"Conservative","E15000005","West Midlands","#0087DC"
"E14000611","Bury North","James Frith MP",8.28847451301265,46.3,"Labour","E15000002","North West","#DC241f"
"E14000612","Bury South","Mr Ivan Lewis MP",9.40639150575131,45.5,"Independent","E15000002","North West","#DDDDDD"
"E14000613","Bury St Edmunds","Jo Churchill MP",10.0520388021576,46,"Conservative","E15000006","Eastern","#0087DC"
"E14000614","Calder Valley","Craig Whittaker MP",12.0538978865219,46.8,"Conservative","E15000003","Yorkshire and The Humber","#0087DC"
"E14000615","Camberwell and Peckham","Rt Hon Harriet Harman QC MP",21.7005225727869,68.5,"Labour","E15000007","London","#DC241f"
"E14000616","Camborne and Redruth","George Eustice MP",9.44052130763149,41.6,"Conservative","E15000009","South West","#0087DC"
"E14000617","Cambridge","Daniel Zeichner MP",29.0994389323866,73.8,"Labour","E15000006","Eastern","#DC241f"
"E14000618","Cannock Chase","Amanda Milling MP",3.94803292762992,31.1,"Conservative","E15000005","West Midlands","#0087DC"
"E14000619","Canterbury","Rosie Duffield MP",14.5487379189282,54.7,"Labour","E15000008","South East","#DC241f"
"E14000620","Carlisle","John Stevenson MP",6.14600379418707,39.4,"Conservative","E15000002","North West","#0087DC"
"E14000621","Carshalton and Wallington","Rt Hon Tom Brake MP",11.1301569987144,43.7,"Liberal Democrat","E15000007","London","#FAA61A"
"E14000622","Castle Point","Rebecca Harris MP",4.28685237074886,27.3,"Conservative","E15000006","Eastern","#0087DC"
"E14000623","Central Devon","Rt Hon Mel Stride MP",15.2703348012946,49.1,"Conservative","E15000009","South West","#0087DC"
"E14000624","Central Suffolk and North Ipswich","Dr Dan Poulter MP",10.2714909668453,45.1,"Conservative","E15000006","Eastern","#0087DC"
"E14000625","Charnwood","Edward Argar MP",7.82880357605917,42.1,"Conservative","E15000004","East Midlands","#0087DC"
"E14000626","Chatham and Aylesford","Tracey Crouch MP",5.87339091812888,36.1,"Conservative","E15000008","South East","#0087DC"
"E14000627","Cheadle","Mary Robinson MP",14.7083236947026,57.3,"Conservative","E15000002","North West","#0087DC"
"E14000628","Chelmsford","Vicky Ford MP",11.092429232789,49.3,"Conservative","E15000006","Eastern","#0087DC"
"E14000629","Chelsea and Fulham","Rt Hon Greg Hands MP",23.3035847262479,70.9,"Conservative","E15000007","London","#0087DC"
"E14000630","Cheltenham","Alex Chalk MP",16.4394197851841,57.1,"Conservative","E15000009","South West","#0087DC"
"E14000631","Chesham and Amersham","Rt Hon Dame Cheryl Gillan MP",17.9416786177696,55,"Conservative","E15000008","South East","#0087DC"
"E14000632","Chesterfield","Toby Perkins MP",6.72780074302758,40.7,"Labour","E15000004","East Midlands","#DC241f"
"E14000633","Chichester","Gillian Keegan MP",13.400648079539,49.3,"Conservative","E15000008","South East","#0087DC"
"E14000634","Chingford and Woodford Green","Rt Hon Iain Duncan Smith MP",12.7470342272647,50.1,"Conservative","E15000007","London","#0087DC"
"E14000635","Chippenham","Michelle Donelan MP",13.7931034482759,48.4,"Conservative","E15000009","South West","#0087DC"
"E14000636","Chipping Barnet","Rt Hon Theresa Villiers MP",17.713923469555,58.9,"Conservative","E15000007","London","#0087DC"
"E14000637","Chorley","Rt Hon Sir Lindsay Hoyle MP",7.99266118307639,43.3,"Labour","E15000002","North West","#DC241f"
"E14000638","Christchurch","Sir Christopher Chope MP",8.85288506732284,40,"Conservative","E15000009","South West","#0087DC"
"E14000639","Cities of London and Westminster","Rt Hon Mark Field MP",23.4536329329732,71.9,"Conservative","E15000007","London","#0087DC"
"E14000640","City of Chester","Christian Matheson MP",14.4786436173611,57.7,"Labour","E15000002","North West","#DC241f"
"E14000641","City of Durham","Dr Roberta Blackman-Woods MP",10.0651909162547,56.7,"Labour","E15000001","North East","#DC241f"
"E14000642","Clacton","Giles Watling MP",3.64099248363372,27,"Conservative","E15000006","Eastern","#0087DC"
"E14000643","Cleethorpes","Martin Vickers MP",4.24369859028274,30.5,"Conservative","E15000003","Yorkshire and The Humber","#0087DC"
"E14000644","Colchester","Will Quince MP",10.2729069425171,48.5,"Conservative","E15000006","Eastern","#0087DC"
"E14000645","Colne Valley","Thelma Walker MP",10.131880733945,49.9,"Labour","E15000003","Yorkshire and The Humber","#DC241f"
"E14000646","Congleton","Fiona Bruce MP",10.3800117731703,47.4,"Conservative","E15000002","North West","#0087DC"
"E14000647","Copeland","Trudy Harrison MP",6.63182527301092,40.8,"Conservative","E15000002","North West","#0087DC"
"E14000648","Corby","Tom Pursglove MP",7.64090427183842,39.9,"Conservative","E15000004","East Midlands","#0087DC"
"E14000649","Coventry North East","Colleen Fletcher MP",5.28476636616034,42.2,"Labour","E15000005","West Midlands","#DC241f"
"E14000650","Coventry North West","Mr Geoffrey Robinson MP",7.28746316028112,41.6,"Labour","E15000005","West Midlands","#DC241f"
"E14000651","Coventry South","Mr Jim Cunningham MP",7.89348690850798,49.6,"Labour","E15000005","West Midlands","#DC241f"
"E14000652","Crawley","Henry Smith MP",8.02578451512361,41.6,"Conservative","E15000008","South East","#0087DC"
"E14000653","Crewe and Nantwich","Laura Smith MP",7.86215316570876,39.7,"Labour","E15000002","North West","#DC241f"
"E14000654","Croydon Central","Sarah Jones MP",10.7491642461775,49.7,"Labour","E15000007","London","#DC241f"
"E14000655","Croydon North","Mr Steve Reed MP",11.2272195285069,58.8,"Labour","E15000007","London","#DC241f"
"E14000656","Croydon South","Chris Philp MP",13.2852175629874,54.2,"Conservative","E15000007","London","#0087DC"
"E14000657","Dagenham and Rainham","Jon Cruddas MP",4.51342485724699,29.7,"Labour","E15000007","London","#DC241f"
"E14000658","Darlington","Jenny Chapman MP",6.78979868745327,41.9,"Labour","E15000001","North East","#DC241f"
"E14000659","Dartford","Gareth Johnson MP",7.02394238181253,36,"Conservative","E15000008","South East","#0087DC"
"E14000660","Daventry","Chris Heaton-Harris MP",10.1647932455114,41.4,"Conservative","E15000004","East Midlands","#0087DC"
"E14000661","Denton and Reddish","Andrew Gwynne MP",6.68982092089452,39,"Labour","E15000002","North West","#DC241f"
"E14000662","Derby North","Chris Williamson MP",9.01461295418641,45.7,"Independent","E15000004","East Midlands","#DDDDDD"
"E14000663","Derby South","Rt Hon Margaret Beckett MP",5.45751480402293,38.6,"Labour","E15000004","East Midlands","#DC241f"
"E14000664","Derbyshire Dales","Rt Hon Sir Patrick McLoughlin MP",13.6098352206406,48.8,"Conservative","E15000004","East Midlands","#0087DC"
"E14000665","Devizes","Rt Hon Claire Perry MP",10.397760791254,46.5,"Conservative","E15000009","South West","#0087DC"
"E14000666","Dewsbury","Paula Sherriff MP",6.0815424319226,42.9,"Labour","E15000003","Yorkshire and The Humber","#DC241f"
"E14000667","Don Valley","Rt Hon Caroline Flint MP",4.16530832309351,31.5,"Labour","E15000003","Yorkshire and The Humber","#DC241f"
"E14000668","Doncaster Central","Rt Hon Dame Rosie Winterton MP",4.47640594699418,33.3,"Labour","E15000003","Yorkshire and The Humber","#DC241f"
"E14000669","Doncaster North","Rt Hon Edward Miliband MP",3.43474122080666,28.3,"Labour","E15000003","Yorkshire and The Humber","#DC241f"
"E14000670","Dover","Charlie Elphicke MP",7.77736822705492,37,"Conservative","E15000008","South East","#0087DC"
"E14000671","Dudley North","Ian Austin MP",3.2008661705502,28.6,"Independent","E15000005","West Midlands","#DDDDDD"
"E14000672","Dudley South","Mike Wood MP",3.87265905844309,29.6,"Conservative","E15000005","West Midlands","#0087DC"
"E14000673","Dulwich and West Norwood","Helen Hayes MP",29.3665030744063,77.1,"Labour","E15000007","London","#DC241f"
"E14000674","Ealing Central and Acton","Dr Rupa Huq MP",24.1567573156861,70.8,"Labour","E15000007","London","#DC241f"
"E14000675","Ealing North","Stephen Pound MP",11.3563402889246,53.7,"Labour","E15000007","London","#DC241f"
"E14000676","Ealing, Southall","Mr Virendra Sharma MP",11.297863764611,58.2,"Labour","E15000007","London","#DC241f"
"E14000677","Easington","Grahame Morris MP",3.2961021198997,34,"Labour","E15000001","North East","#DC241f"
"E14000678","East Devon","Rt Hon Sir Hugo Swire MP",12.9743875146535,49.6,"Conservative","E15000009","South West","#0087DC"
"E14000679","East Ham","Rt Hon Stephen Timms MP",6.36369002943186,53.7,"Labour","E15000007","London","#DC241f"
"E14000680","East Hampshire","Rt Hon Damian Hinds MP",14.9416693522398,50.7,"Conservative","E15000008","South East","#0087DC"
"E14000681","East Surrey","Mr Sam Gyimah MP",12.5407760567557,45.8,"Conservative","E15000008","South East","#0087DC"
"E14000682","East Worthing and Shoreham","Tim Loughton MP",13.3818567800144,46.3,"Conservative","E15000008","South East","#0087DC"
"E14000683","East Yorkshire","Rt Hon Sir Greg Knight MP",6.22514806049758,36.3,"Conservative","E15000003","Yorkshire and The Humber","#0087DC"
"E14000684","Eastbourne","Stephen Lloyd MP",10.012925655197,42.5,"Independent","E15000008","South East","#DDDDDD"
"E14000685","Eastleigh","Mims Davies MP",10.3512771056169,45.7,"Conservative","E15000008","South East","#0087DC"
"E14000686","Eddisbury","Antoinette Sandbach MP",10.3166123045777,47.8,"Conservative","E15000002","North West","#0087DC"
"E14000687","Edmonton","Kate Osamor MP",5.90430126101226,54.5,"Labour","E15000007","London","#DC241f"
"E14000688","Ellesmere Port and Neston","Justin Madders MP",8.64070009325012,41.7,"Labour","E15000002","North West","#DC241f"
"E14000689","Elmet and Rothwell","Alec Shelbrooke MP",9.60827973976539,43.2,"Conservative","E15000003","Yorkshire and The Humber","#0087DC"
"E14000690","Eltham","Clive Efford MP",13.4513659418812,48.2,"Labour","E15000007","London","#DC241f"
"E14000691","Enfield North","Rt Hon Joan Ryan MP",9.11279613795158,50.8,"Independent","E15000007","London","#DDDDDD"
"E14000692","Enfield, Southgate","Bambos Charalambous MP",16.6021213616182,62.1,"Labour","E15000007","London","#DC241f"
"E14000693","Epping Forest","Rt Hon Dame Eleanor Laing MP",9.7551362896664,39,"Conservative","E15000006","Eastern","#0087DC"
"E14000694","Epsom and Ewell","Rt Hon Chris Grayling MP",15.3161102091715,52.2,"Conservative","E15000008","South East","#0087DC"
"E14000695","Erewash","Maggie Throup MP",6.7644893372428,36.8,"Conservative","E15000004","East Midlands","#0087DC"
"E14000696","Erith and Thamesmead","Teresa Pearce MP",6.16940524590902,45.4,"Labour","E15000007","London","#DC241f"
"E14000697","Esher and Walton","Rt Hon Dominic Raab MP",20.2985978478595,58.4,"Conservative","E15000008","South East","#0087DC"
"E14000698","Exeter","Rt Hon Ben Bradshaw MP",14.9141023220691,55.2,"Labour","E15000009","South West","#DC241f"
"E14000699","Fareham","Suella Braverman MP",9.79446871872483,44.5,"Conservative","E15000008","South East","#0087DC"
"E14000700","Faversham and Mid Kent","Helen Whately MP",10.2549345332304,41.3,"Conservative","E15000008","South East","#0087DC"
"E14000701","Feltham and Heston","Seema Malhotra MP",6.34470166803933,44.1,"Labour","E15000007","London","#DC241f"
"E14000702","Filton and Bradley Stoke","Jack Lopresti MP",13.0362727873101,51.2,"Conservative","E15000009","South West","#0087DC"
"E14000703","Finchley and Golders Green","Mike Freer MP",19.6329326612382,68.9,"Conservative","E15000007","London","#0087DC"
"E14000704","Folkestone and Hythe","Damian Collins MP",9.01408450704225,38.4,"Conservative","E15000008","South East","#0087DC"
"E14000705","Forest of Dean","Rt Hon Mark Harper MP",9.21201852788063,42.1,"Conservative","E15000009","South West","#0087DC"
"E14000706","Fylde","Mark Menzies MP",8.1035550244057,43.3,"Conservative","E15000002","North West","#0087DC"
"E14000707","Gainsborough","Rt Hon Sir Edward Leigh MP",6.72728900484723,38,"Conservative","E15000004","East Midlands","#0087DC"
"E14000708","Garston and Halewood","Maria Eagle MP",10.2891490034799,52,"Labour","E15000002","North West","#DC241f"
"E14000709","Gateshead","Ian Mearns MP",7.60477344193,43.8,"Labour","E15000001","North East","#DC241f"
"E14000710","Gedling","Vernon Coaker MP",9.87094292573581,43.7,"Labour","E15000004","East Midlands","#DC241f"
"E14000711","Gillingham and Rainham","Rehman Chishti MP",6.15450234588654,36.4,"Conservative","E15000008","South East","#0087DC"
"E14000712","Gloucester","Richard Graham MP",7.5119503385028,41.2,"Conservative","E15000009","South West","#0087DC"
"E14000713","Gosport","Caroline Dinenage MP",6.42378359344543,38.2,"Conservative","E15000008","South East","#0087DC"
"E14000714","Grantham and Stamford","Nick Boles MP",8.07733864088712,39,"Conservative","E15000004","East Midlands","#0087DC"
"E14000715","Gravesham","Adam Holloway MP",6.21713807242861,34.6,"Conservative","E15000008","South East","#0087DC"
"E14000716","Great Grimsby","Melanie Onn MP",3.47029956786054,28.6,"Labour","E15000003","Yorkshire and The Humber","#DC241f"
"E14000717","Great Yarmouth","Rt Hon Brandon Lewis MP",4.05751923173614,28.5,"Conservative","E15000006","Eastern","#0087DC"
"E14000718","Greenwich and Woolwich","Matthew Pennycook MP",19.3084826665588,64.3,"Labour","E15000007","London","#DC241f"
"E14000719","Guildford","Rt Hon Anne Milton MP",17.6088234653659,58.8,"Conservative","E15000008","South East","#0087DC"
"E14000720","Hackney North and Stoke Newington","Rt Hon Diane Abbott MP",26.0126863484681,79.5,"Labour","E15000007","London","#DC241f"
"E14000721","Hackney South and Shoreditch","Meg Hillier MP",24.639115576388,77.2,"Labour","E15000007","London","#DC241f"
"E14000722","Halesowen and Rowley Regis","James Morris MP",5.35228216956534,33.4,"Conservative","E15000005","West Midlands","#0087DC"
"E14000723","Halifax","Holly Lynch MP",5.50401282099438,41.2,"Labour","E15000003","Yorkshire and The Humber","#DC241f"
"E14000724","Haltemprice and Howden","Rt Hon David Davis MP",8.12184833537147,44.8,"Conservative","E15000003","Yorkshire and The Humber","#0087DC"
"E14000725","Halton","Derek Twigg MP",6.51988057188704,42.3,"Labour","E15000002","North West","#DC241f"
"E14000726","Hammersmith","Andy Slaughter MP",23.2488775531713,68.7,"Labour","E15000007","London","#DC241f"
"E14000727","Hampstead and Kilburn","Tulip Siddiq MP",24.8891758874655,76.3,"Labour","E15000007","London","#DC241f"
"E14000728","Harborough","Neil O'Brien MP",9.88953681316076,47.6,"Conservative","E15000004","East Midlands","#0087DC"
"E14000729","Harlow","Rt Hon Robert Halfon MP",6.09086235354601,32.3,"Conservative","E15000006","Eastern","#0087DC"
"E14000730","Harrogate and Knaresborough","Andrew Jones MP",13.5744732675679,52.8,"Conservative","E15000003","Yorkshire and The Humber","#0087DC"
"E14000731","Harrow East","Bob Blackman MP",8.68115524851276,52.5,"Conservative","E15000007","London","#0087DC"
"E14000732","Harrow West","Gareth Thomas MP",11.4153434369009,54.9,"Labour","E15000007","London","#DC241f"
"E14000733","Hartlepool","Mike Hill MP",3.72623991009881,30.4,"Labour","E15000001","North East","#DC241f"
"E14000734","Harwich and North Essex","Sir Bernard Jenkin MP",9.62822350495228,41,"Conservative","E15000006","Eastern","#0087DC"
"E14000735","Hastings and Rye","Rt Hon Amber Rudd MP",11.3977941915947,44.1,"Conservative","E15000008","South East","#0087DC"
"E14000736","Havant","Alan Mak MP",7.49094739614194,37.4,"Conservative","E15000008","South East","#0087DC"
"E14000737","Hayes and Harlington","Rt Hon John McDonnell MP",5.70892346638151,41.8,"Labour","E15000007","London","#DC241f"
"E14000738","Hazel Grove","Mr William Wragg MP",11.5482372019772,47.8,"Conservative","E15000002","North West","#0087DC"
"E14000739","Hemel Hempstead","Rt Hon Sir Mike Penning MP",10.8138143272354,44.5,"Conservative","E15000006","Eastern","#0087DC"
"E14000740","Hemsworth","Jon Trickett MP",4.62006472491909,31.9,"Labour","E15000003","Yorkshire and The Humber","#DC241f"
"E14000741","Hendon","Dr Matthew Offord MP",11.0153798919666,58.4,"Conservative","E15000007","London","#0087DC"
"E14000742","Henley","John Howell MP",18.8031695721078,56.9,"Conservative","E15000008","South East","#0087DC"
"E14000743","Hereford and South Herefordshire","Jesse Norman MP",8.77382060451673,39.6,"Conservative","E15000005","West Midlands","#0087DC"
"E14000744","Hertford and Stortford","Mr Mark Prisk MP",14.6566562485845,50.8,"Conservative","E15000006","Eastern","#0087DC"
"E14000745","Hertsmere","Oliver Dowden MP",12.0869029198274,49.2,"Conservative","E15000006","Eastern","#0087DC"
"E14000746","Hexham","Guy Opperman MP",13.3438560492463,54.7,"Conservative","E15000001","North East","#0087DC"
"E14000747","Heywood and Middleton","Liz McInnes MP",5.43893818076895,37.6,"Labour","E15000002","North West","#DC241f"
"E14000748","High Peak","Ruth George MP",13.0420172585285,49.5,"Labour","E15000004","East Midlands","#DC241f"
"E14000749","Hitchin and Harpenden","Bim Afolami MP",20.6907493907392,60.2,"Conservative","E15000006","Eastern","#0087DC"
"E14000750","Holborn and St Pancras","Rt Hon Keir Starmer MP",22.1059265582245,73.3,"Labour","E15000007","London","#DC241f"
"E14000751","Hornchurch and Upminster","Julia Lopez MP",6.47477847917994,30.5,"Conservative","E15000007","London","#0087DC"
"E14000752","Hornsey and Wood Green","Catherine West MP",31.0059159967767,75,"Labour","E15000007","London","#DC241f"
"E14000753","Horsham","Jeremy Quin MP",14.2601370350392,50.5,"Conservative","E15000008","South East","#0087DC"
"E14000754","Houghton and Sunderland South","Bridget Phillipson MP",4.33565041863903,37.6,"Labour","E15000001","North East","#DC241f"
"E14000755","Hove","Peter Kyle MP",26.8640956106458,67.1,"Labour","E15000008","South East","#DC241f"
"E14000756","Huddersfield","Mr Barry Sheerman MP",6.5111672613228,48.1,"Labour","E15000003","Yorkshire and The Humber","#DC241f"
"E14000757","Huntingdon","Mr Jonathan Djanogly MP",10.8794465361049,46.5,"Conservative","E15000006","Eastern","#0087DC"
"E14000758","Hyndburn","Graham P Jones MP",4.33803134195965,34.2,"Labour","E15000002","North West","#DC241f"
"E14000759","Ilford North","Wes Streeting MP",9.31041074287353,46.7,"Labour","E15000007","London","#DC241f"
"E14000760","Ilford South","Mike Gapes MP",6.23867709979571,56.7,"Independent","E15000007","London","#DDDDDD"
"E14000761","Ipswich","Sandy Martin MP",8.76177416091541,43.5,"Labour","E15000006","Eastern","#DC241f"
"E14000762","Isle of Wight","Mr Bob Seely MP",8.60095403220937,38.1,"Conservative","E15000008","South East","#0087DC"
"E14000763","Islington North","Rt Hon Jeremy Corbyn MP",28.4505778556322,78.4,"Labour","E15000007","London","#DC241f"
"E14000764","Islington South and Finsbury","Rt Hon Emily Thornberry MP",23.2858486224765,71.7,"Labour","E15000007","London","#DC241f"
"E14000765","Jarrow","Mr Stephen Hepburn MP",6.0456554866549,38.2,"Labour","E15000001","North East","#DC241f"
"E14000766","Keighley","John Grogan MP",9.61507639705097,46.7,"Labour","E15000003","Yorkshire and The Humber","#DC241f"
"E14000767","Kenilworth and Southam","Rt Hon Jeremy Wright QC MP",15.2200062370989,53.8,"Conservative","E15000005","West Midlands","#0087DC"
"E14000768","Kensington","Emma Dent Coad MP",23.0657393644146,68.8,"Labour","E15000007","London","#DC241f"
"E14000769","Kettering","Mr Philip Hollobone MP",7.51052998785498,39,"Conservative","E15000004","East Midlands","#0087DC"
"E14000770","Kingston and Surbiton","Rt Hon Sir Edward Davey MP",18.1052086342401,59.2,"Liberal Democrat","E15000007","London","#FAA61A"
"E14000771","Kingston upon Hull East","Karl Turner MP",3.21876320608536,27.2,"Labour","E15000003","Yorkshire and The Humber","#DC241f"
"E14000772","Kingston upon Hull North","Diana Johnson MP",6.14614457199769,40.2,"Labour","E15000003","Yorkshire and The Humber","#DC241f"
"E14000773","Kingston upon Hull West and Hessle","Emma Hardy MP",4.72477463114873,32,"Labour","E15000003","Yorkshire and The Humber","#DC241f"
"E14000774","Kingswood","Chris Skidmore MP",9.66896282455309,42.9,"Conservative","E15000009","South West","#0087DC"
"E14000775","Knowsley","Rt Hon George Howarth MP",6.46970602221599,47.7,"Labour","E15000002","North West","#DC241f"
"E14000776","Lancaster and Fleetwood","Cat Smith MP",10.7702896008205,48,"Labour","E15000002","North West","#DC241f"
"E14000777","Leeds Central","Rt Hon Hilary Benn MP",8.07465166395236,54,"Labour","E15000003","Yorkshire and The Humber","#DC241f"
"E14000778","Leeds East","Richard Burgon MP",5.29558336299663,38.6,"Labour","E15000003","Yorkshire and The Humber","#DC241f"
"E14000779","Leeds North East","Fabian Hamilton MP",18.2207109909558,62.6,"Labour","E15000003","Yorkshire and The Humber","#DC241f"
"E14000780","Leeds North West","Alex Sobel MP",15.7192200250451,64.6,"Labour","E15000003","Yorkshire and The Humber","#DC241f"
"E14000781","Leeds West","Rachel Reeves MP",10.3512836399881,46.7,"Labour","E15000003","Yorkshire and The Humber","#DC241f"
"E14000782","Leicester East","Rt Hon Keith Vaz MP",4.21699827434488,45.9,"Labour","E15000004","East Midlands","#DC241f"
"E14000783","Leicester South","Jonathan Ashworth MP",8.33524707197987,57.6,"Labour","E15000004","East Midlands","#DC241f"
"E14000784","Leicester West","Liz Kendall MP",6.41731420359048,49.2,"Labour","E15000004","East Midlands","#DC241f"
"E14000785","Leigh","Jo Platt MP",5.19558796938099,36.7,"Labour","E15000002","North West","#DC241f"
"E14000786","Lewes","Maria Caulfield MP",18.4293848446147,52.9,"Conservative","E15000008","South East","#0087DC"
"E14000787","Lewisham East","Janet Daby MP",15.9249272180595,64.6,"Labour","E15000007","London","#DC241f"
"E14000788","Lewisham West and Penge","Ellie Reeves MP",22.2159277597127,65.4,"Labour","E15000007","London","#DC241f"
"E14000789","Lewisham, Deptford","Vicky Foxcroft MP",24.4795600809741,75.6,"Labour","E15000007","London","#DC241f"
"E14000790","Leyton and Wanstead","John Cryer MP",17.3431219942848,65.2,"Labour","E15000007","London","#DC241f"
"E14000791","Lichfield","Michael Fabricant MP",8.56768875871543,42.5,"Conservative","E15000005","West Midlands","#0087DC"
"E14000792","Lincoln","Karen Lee MP",8.1366384655057,42.6,"Labour","E15000004","East Midlands","#DC241f"
"E14000793","Liverpool, Riverside","Dame Louise Ellman MP",12.8948631781085,72.7,"Labour","E15000002","North West","#DC241f"
"E14000794","Liverpool, Walton","Dan Carden MP",6.34248308487816,47.8,"Labour","E15000002","North West","#DC241f"
"E14000795","Liverpool, Wavertree","Luciana Berger MP",11.779475116949,64.7,"Independent","E15000002","North West","#DDDDDD"
"E14000796","Liverpool, West Derby","Stephen Twigg MP",7.40028499882403,50.2,"Labour","E15000002","North West","#DC241f"
"E14000797","Loughborough","Rt Hon Nicky Morgan MP",9.74154619451394,49.9,"Conservative","E15000004","East Midlands","#0087DC"
"E14000798","Louth and Horncastle","Victoria Atkins MP",5.0386282725049,31.1,"Conservative","E15000004","East Midlands","#0087DC"
"E14000799","Ludlow","Rt Hon Philip Dunne MP",9.38557286663047,42.1,"Conservative","E15000005","West Midlands","#0087DC"
"E14000800","Luton North","Kelvin Hopkins MP",5.38501068347172,40.8,"Independent","E15000006","Eastern","#DDDDDD"
"E14000801","Luton South","Mr Gavin Shuker MP",5.59487773864314,45.4,"Independent","E15000006","Eastern","#DDDDDD"
"E14000802","Macclesfield","David Rutley MP",14.4895501052269,52.8,"Conservative","E15000002","North West","#0087DC"
"E14000803","Maidenhead","Rt Hon Theresa May MP",16.0967462726597,55,"Conservative","E15000008","South East","#0087DC"
"E14000804","Maidstone and The Weald","Mrs Helen Grant MP",10.2160660908042,44.1,"Conservative","E15000008","South East","#0087DC"
"E14000805","Makerfield","Yvonne Fovargue MP",4.70460895612556,35.1,"Labour","E15000002","North West","#DC241f"
"E14000806","Maldon","Rt Hon John Whittingdale MP",7.39374041866207,39,"Conservative","E15000006","Eastern","#0087DC"
"E14000807","Manchester Central","Lucy Powell MP",11.2969090218747,63.6,"Labour","E15000002","North West","#DC241f"
"E14000808","Manchester, Gorton","Afzal Khan MP",11.1952376729337,61.8,"Labour","E15000002","North West","#DC241f"
"E14000809","Manchester, Withington","Jeff Smith MP",23.8656589052786,75.1,"Labour","E15000002","North West","#DC241f"
"E14000810","Mansfield","Ben Bradley MP",4.06630526890083,29.1,"Conservative","E15000004","East Midlands","#0087DC"
"E14000811","Meon Valley","George Hollingbery MP",10.9690391084945,48.1,"Conservative","E15000008","South East","#0087DC"
"E14000812","Meriden","Rt Hon Dame Caroline Spelman MP",8.14711844772661,41.2,"Conservative","E15000005","West Midlands","#0087DC"
"E14000813","Mid Bedfordshire","Ms Nadine Dorries MP",11.0165965512459,47.1,"Conservative","E15000006","Eastern","#0087DC"
"E14000814","Mid Derbyshire","Mrs Pauline Latham MP",10.6469495516843,47.5,"Conservative","E15000004","East Midlands","#0087DC"
"E14000815","Mid Dorset and North Poole","Michael Tomlinson MP",10.6664851866975,42.9,"Conservative","E15000009","South West","#0087DC"
"E14000816","Mid Norfolk","George Freeman MP",8.31071793606598,39.4,"Conservative","E15000006","Eastern","#0087DC"
"E14000817","Mid Sussex","Rt Hon Sir Nicholas Soames MP",15.3581290696485,53.6,"Conservative","E15000008","South East","#0087DC"
"E14000818","Mid Worcestershire","Nigel Huddleston MP",8.41529787909111,40.6,"Conservative","E15000005","West Midlands","#0087DC"
"E14000819","Middlesbrough","Andy McDonald MP",3.97891747228139,33.9,"Labour","E15000001","North East","#DC241f"
"E14000820","Middlesbrough South and East Cleveland","Mr Simon Clarke MP",5.27222095166346,34.7,"Conservative","E15000001","North East","#0087DC"
"E14000821","Milton Keynes North","Rt Hon Mark Lancaster MP",11.5487136482075,50.3,"Conservative","E15000008","South East","#0087DC"
"E14000822","Milton Keynes South","Iain Stewart MP",10.8457781299207,46.9,"Conservative","E15000008","South East","#0087DC"
"E14000823","Mitcham and Morden","Siobhain McDonagh MP",12.3561210605671,55.3,"Labour","E15000007","London","#DC241f"
"E14000824","Mole Valley","Sir Paul Beresford MP",16.741327894037,52.7,"Conservative","E15000008","South East","#0087DC"
"E14000825","Morecambe and Lunesdale","David Morris MP",7.73762432188065,41.8,"Conservative","E15000002","North West","#0087DC"
"E14000826","Morley and Outwood","Andrea Jenkyns MP",7.31258388189429,40.2,"Conservative","E15000003","Yorkshire and The Humber","#0087DC"
"E14000827","New Forest East","Rt Hon Dr Julian Lewis MP",9.41432528690146,39.8,"Conservative","E15000008","South East","#0087DC"
"E14000828","New Forest West","Rt Hon Sir Desmond Swayne MP",10.7424850119485,44.7,"Conservative","E15000008","South East","#0087DC"
"E14000829","Newark","Robert Jenrick MP",9.4795472668198,44.3,"Conservative","E15000004","East Midlands","#0087DC"
"E14000830","Newbury","Rt Hon Richard Benyon MP",13.7617014383078,52.2,"Conservative","E15000008","South East","#0087DC"
"E14000831","Newcastle upon Tyne Central","Chi Onwurah MP",8.89586074283979,52,"Labour","E15000001","North East","#DC241f"
"E14000832","Newcastle upon Tyne East","Rt Hon Nicholas Brown MP",12.8635950949858,58.9,"Labour","E15000001","North East","#DC241f"
"E14000833","Newcastle upon Tyne North","Catherine McKinnell MP",10.2758973933026,43.2,"Labour","E15000001","North East","#DC241f"
"E14000834","Newcastle-under-Lyme","Paul Farrelly MP",6.32305988141005,38.4,"Labour","E15000005","West Midlands","#DC241f"
"E14000835","Newton Abbot","Anne Marie Morris MP",10.5876495364203,44,"Conservative","E15000009","South West","#0087DC"
"E14000836","Normanton, Pontefract and Castleford","Rt Hon Yvette Cooper MP",3.9732253906515,30.7,"Labour","E15000003","Yorkshire and The Humber","#DC241f"
"E14000837","North Cornwall","Scott Mann MP",9.09103070028761,39.8,"Conservative","E15000009","South West","#0087DC"
"E14000838","North Devon","Peter Heaton-Jones MP",9.27548288143084,43,"Conservative","E15000009","South West","#0087DC"
"E14000839","North Dorset","Simon Hoare MP",10.5507239091092,43.4,"Conservative","E15000009","South West","#0087DC"
"E14000840","North Durham","Rt Hon Kevan Jones MP",5.6699501123532,39.7,"Labour","E15000001","North East","#DC241f"
"E14000841","North East Bedfordshire","Rt Hon Alistair Burt MP",11.3763257618225,46.6,"Conservative","E15000006","Eastern","#0087DC"
"E14000842","North East Cambridgeshire","Rt Hon Stephen Barclay MP",5.27447281617856,30.6,"Conservative","E15000006","Eastern","#0087DC"
"E14000843","North East Derbyshire","Lee Rowley MP",6.45763593443672,37.9,"Conservative","E15000004","East Midlands","#0087DC"
"E14000844","North East Hampshire","Mr Ranil Jayawardena MP",15.5026055337183,53.8,"Conservative","E15000008","South East","#0087DC"
"E14000845","North East Hertfordshire","Rt Hon Sir Oliver Heald QC MP",13.5974385688512,48.6,"Conservative","E15000006","Eastern","#0087DC"
"E14000846","North East Somerset","Mr Jacob Rees-Mogg MP",14.3437478912207,48.4,"Conservative","E15000009","South West","#0087DC"
"E14000847","North Herefordshire","Bill Wiggin MP",10.3967000653452,42,"Conservative","E15000005","West Midlands","#0087DC"
"E14000848","North Norfolk","Rt Hon Norman Lamb MP",8.13311202416261,41.6,"Liberal Democrat","E15000006","Eastern","#FAA61A"
"E14000849","North Shropshire","Rt Hon Owen Paterson MP",7.27117389075582,40.2,"Conservative","E15000005","West Midlands","#0087DC"
"E14000850","North Somerset","Rt Hon Dr Liam Fox MP",16.4836517628521,52.4,"Conservative","E15000009","South West","#0087DC"
"E14000851","North Swindon","Justin Tomlinson MP",8.54881144168473,42.7,"Conservative","E15000009","South West","#0087DC"
"E14000852","North Thanet","Rt Hon Sir Roger Gale MP",7.53955069389424,34.8,"Conservative","E15000008","South East","#0087DC"
"E14000853","North Tyneside","Mary Glindon MP",7.17098297664791,40.5,"Labour","E15000001","North East","#DC241f"
"E14000854","North Warwickshire","Craig Tracey MP",4.79157917552867,32.2,"Conservative","E15000005","West Midlands","#0087DC"
"E14000855","North West Cambridgeshire","Mr Shailesh Vara MP",8.96911853865561,43.1,"Conservative","E15000006","Eastern","#0087DC"
"E14000856","North West Durham","Laura Pidcock MP",6.7713717693837,45,"Labour","E15000001","North East","#DC241f"
"E14000857","North West Hampshire","Kit Malthouse MP",11.077538007661,45.2,"Conservative","E15000008","South East","#0087DC"
"E14000858","North West Leicestershire","Andrew Bridgen MP",7.40903553171982,39.3,"Conservative","E15000004","East Midlands","#0087DC"
"E14000859","North West Norfolk","Sir Henry Bellingham MP",6.06921813818365,34.2,"Conservative","E15000006","Eastern","#0087DC"
"E14000860","North Wiltshire","James Gray MP",13.1971391100956,49.7,"Conservative","E15000009","South West","#0087DC"
"E14000861","Northampton North","Michael Ellis MP",7.67847746009472,39.7,"Conservative","E15000004","East Midlands","#0087DC"
"E14000862","Northampton South","Andrew Lewer MP",7.57575757575758,41,"Conservative","E15000004","East Midlands","#0087DC"
"E14000863","Norwich North","Chloe Smith MP",10.7807887631332,43.3,"Conservative","E15000006","Eastern","#0087DC"
"E14000864","Norwich South","Clive Lewis MP",17.3487959678925,59.5,"Labour","E15000006","Eastern","#DC241f"
"E14000865","Nottingham East","Mr Chris Leslie MP",10.6682471477256,57.1,"Independent","E15000004","East Midlands","#DDDDDD"
"E14000866","Nottingham North","Alex Norris MP",4.64950121326503,36.2,"Labour","E15000004","East Midlands","#DC241f"
"E14000867","Nottingham South","Lilian Greenwood MP",9.25789860396767,53.5,"Labour","E15000004","East Midlands","#DC241f"
"E14000868","Nuneaton","Mr Marcus Jones MP",5.38738861301952,35.5,"Conservative","E15000005","West Midlands","#0087DC"
"E14000869","Old Bexley and Sidcup","Rt Hon James Brokenshire MP",8.48825866285892,37.6,"Conservative","E15000007","London","#0087DC"
"E14000870","Oldham East and Saddleworth","Debbie Abrahams MP",5.91780752969599,40.1,"Labour","E15000002","North West","#DC241f"
"E14000871","Oldham West and Royton","Jim McMahon MP",3.96576464463041,38.7,"Labour","E15000002","North West","#DC241f"
"E14000872","Orpington","Joseph Johnson MP",11.0690939762424,42.5,"Conservative","E15000007","London","#0087DC"
"E14000873","Oxford East","Anneliese Dodds MP",21.1010186076355,67.5,"Labour","E15000008","South East","#DC241f"
"E14000874","Oxford West and Abingdon","Layla Moran MP",24.5946937558761,62,"Liberal Democrat","E15000008","South East","#FAA61A"
"E14000875","Pendle","Andrew Stephenson MP",4.57594426531552,36.8,"Conservative","E15000002","North West","#0087DC"
"E14000876","Penistone and Stocksbridge","Angela Smith MP",7.35060887313649,39.3,"Independent","E15000003","Yorkshire and The Humber","#DDDDDD"
"E14000877","Penrith and The Border","Rory Stewart MP",9.38688843669822,44.8,"Conservative","E15000002","North West","#0087DC"
"E14000878","Peterborough","Fiona Onasanya MP",6.44248286631387,37.3,"Independent","E15000006","Eastern","#DDDDDD"
"E14000879","Plymouth, Moor View","Johnny Mercer MP",4.83564286007414,33.6,"Conservative","E15000009","South West","#0087DC"
"E14000880","Plymouth, Sutton and Devonport","Luke Pollard MP",10.7936643106532,45.6,"Labour","E15000009","South West","#DC241f"
"E14000881","Poole","Sir Robert Syms MP",10.2262990776675,42.6,"Conservative","E15000009","South West","#0087DC"
"E14000882","Poplar and Limehouse","Jim Fitzpatrick MP",17.0027909234316,65.8,"Labour","E15000007","London","#DC241f"
"E14000883","Portsmouth North","Rt Hon Penny Mordaunt MP",6.70887554004437,36.3,"Conservative","E15000008","South East","#0087DC"
"E14000884","Portsmouth South","Stephen Morgan MP",10.4227974617171,48.2,"Labour","E15000008","South East","#DC241f"
"E14000885","Preston","Sir Mark Hendrick MP",5.69225809917799,44.3,"Labour","E15000002","North West","#DC241f"
"E14000886","Pudsey","Stuart Andrew MP",13.7635366498706,51.4,"Conservative","E15000003","Yorkshire and The Humber","#0087DC"
"E14000887","Putney","Rt Hon Justine Greening MP",25.9497829251639,72.2,"Conservative","E15000007","London","#0087DC"
"E14000888","Rayleigh and Wickford","Rt Hon Mark Francois MP",6.13977792292619,32.3,"Conservative","E15000006","Eastern","#0087DC"
"E14000889","Reading East","Matt Rodda MP",17.251113757664,61.7,"Labour","E15000008","South East","#DC241f"
"E14000890","Reading West","Alok Sharma MP",12.2822553099976,48.5,"Conservative","E15000008","South East","#0087DC"
"E14000891","Redcar","Anna Turley MP",3.72758820127241,32.3,"Labour","E15000001","North East","#DC241f"
"E14000892","Redditch","Rachel Maclean MP",6.85492957746479,39,"Conservative","E15000005","West Midlands","#0087DC"
"E14000893","Reigate","Crispin Blunt MP",14.8453381009527,52,"Conservative","E15000008","South East","#0087DC"
"E14000894","Ribble Valley","Mr Nigel Evans MP",8.27324145023138,41.3,"Conservative","E15000002","North West","#0087DC"
"E14000895","Richmond (Yorks)","Rishi Sunak MP",8.13150145005431,45.3,"Conservative","E15000003","Yorkshire and The Humber","#0087DC"
"E14000896","Richmond Park","Zac Goldsmith MP",28.58011235013,71.3,"Conservative","E15000007","London","#0087DC"
"E14000897","Rochdale","Tony Lloyd MP",4.59514389138095,42.5,"Labour","E15000002","North West","#DC241f"
"E14000898","Rochester and Strood","Kelly Tolhurst MP",7.37536757163373,36.3,"Conservative","E15000008","South East","#0087DC"
"E14000899","Rochford and Southend East","James Duddridge MP",7.48766437373909,39.1,"Conservative","E15000006","Eastern","#0087DC"
"E14000900","Romford","Andrew Rosindell MP",6.37331893589869,30.7,"Conservative","E15000007","London","#0087DC"
"E14000901","Romsey and Southampton North","Rt Hon Caroline Nokes MP",13.6274033268525,53.9,"Conservative","E15000008","South East","#0087DC"
"E14000902","Rossendale and Darwen","Jake Berry MP",6.93051273044248,41.1,"Conservative","E15000002","North West","#0087DC"
"E14000903","Rother Valley","Rt Hon Sir Kevin Barron MP",4.97852503666457,33.3,"Labour","E15000003","Yorkshire and The Humber","#DC241f"
"E14000904","Rotherham","Sarah Champion MP",3.33762139696631,31.7,"Labour","E15000003","Yorkshire and The Humber","#DC241f"
"E14000905","Rugby","Mark Pawsey MP",9.19475514851237,41.4,"Conservative","E15000005","West Midlands","#0087DC"
"E14000906","Ruislip, Northwood and Pinner","Rt Hon Nick Hurd MP",14.1616087941858,50.5,"Conservative","E15000007","London","#0087DC"
"E14000907","Runnymede and Weybridge","Rt Hon Philip Hammond MP",13.1880509867476,50.2,"Conservative","E15000008","South East","#0087DC"
"E14000908","Rushcliffe","Rt Hon Kenneth Clarke QC MP",17.3596354233339,58.5,"Conservative","E15000004","East Midlands","#0087DC"
"E14000909","Rutland and Melton","Rt Hon Sir Alan Duncan MP",10.2682524109215,46.1,"Conservative","E15000004","East Midlands","#0087DC"
"E14000910","Saffron Walden","Mrs Kemi Badenoch MP",12.7243891787528,48.8,"Conservative","E15000006","Eastern","#0087DC"
"E14000911","Salford and Eccles","Rebecca Long Bailey MP",10.6075547297508,46.4,"Labour","E15000002","North West","#DC241f"
"E14000912","Salisbury","John Glen MP",12.8335600669736,50.1,"Conservative","E15000009","South West","#0087DC"
"E14000913","Scarborough and Whitby","Rt Hon Robert Goodwill MP",6.87553071492846,38.7,"Conservative","E15000003","Yorkshire and The Humber","#0087DC"
"E14000914","Scunthorpe","Nic Dakin MP",3.80782116613643,31.3,"Labour","E15000003","Yorkshire and The Humber","#DC241f"
"E14000915","Sedgefield","Phil Wilson MP",5.30657748049052,40.6,"Labour","E15000001","North East","#DC241f"
"E14000916","Sefton Central","Bill Esterson MP",11.7090909090909,55.9,"Labour","E15000002","North West","#DC241f"
"E14000917","Selby and Ainsty","Nigel Adams MP",8.85194338350932,42.3,"Conservative","E15000003","Yorkshire and The Humber","#0087DC"
"E14000918","Sevenoaks","Rt Hon Sir Michael Fallon MP",13.5900309531433,46,"Conservative","E15000008","South East","#0087DC"
"E14000919","Sheffield Central","Paul Blomfield MP",14.1705607476636,68.1,"Labour","E15000003","Yorkshire and The Humber","#DC241f"
"E14000920","Sheffield South East","Mr Clive Betts MP",4.55865982460427,33.7,"Labour","E15000003","Yorkshire and The Humber","#DC241f"
"E14000921","Sheffield, Brightside and Hillsborough","Gill Furniss MP",5.41570481110989,40,"Labour","E15000003","Yorkshire and The Humber","#DC241f"
"E14000922","Sheffield, Hallam","Jared O'Mara MP",20.3406707203739,66,"Independent","E15000003","Yorkshire and The Humber","#DDDDDD"
"E14000923","Sheffield, Heeley","Louise Haigh MP",9.94284798632625,42.8,"Labour","E15000003","Yorkshire and The Humber","#DC241f"
"E14000924","Sherwood","Mark Spencer MP",6.536029706945,36.3,"Conservative","E15000004","East Midlands","#0087DC"
"E14000925","Shipley","Philip Davies MP",11.8545816994321,47.8,"Conservative","E15000003","Yorkshire and The Humber","#0087DC"
"E14000926","Shrewsbury and Atcham","Daniel Kawczynski MP",10.9795832258972,47.1,"Conservative","E15000005","West Midlands","#0087DC"
"E14000927","Sittingbourne and Sheppey","Gordon Henderson MP",5.08864409204459,34.6,"Conservative","E15000008","South East","#0087DC"
"E14000928","Skipton and Ripon","Rt Hon Julian Smith MP",11.4351743144209,46.8,"Conservative","E15000003","Yorkshire and The Humber","#0087DC"
"E14000929","Sleaford and North Hykeham","Dr Caroline Johnson MP",7.26272294135009,38.4,"Conservative","E15000004","East Midlands","#0087DC"
"E14000930","Slough","Mr Tanmanjeet Singh Dhesi MP",6.66272946503273,45.9,"Labour","E15000008","South East","#DC241f"
"E14000931","Solihull","Julian Knight MP",9.75968551437684,46.7,"Conservative","E15000005","West Midlands","#0087DC"
"E14000932","Somerton and Frome","David Warburton MP",14.7621612759679,49.7,"Conservative","E15000009","South West","#0087DC"
"E14000933","South Basildon and East Thurrock","Stephen Metcalfe MP",4.47876051713524,27,"Conservative","E15000006","Eastern","#0087DC"
"E14000934","South Cambridgeshire","Heidi Allen MP",22.6992836628186,61.5,"Independent","E15000006","Eastern","#DDDDDD"
"E14000935","South Derbyshire","Mrs Heather Wheeler MP",7.33197556008147,39.6,"Conservative","E15000004","East Midlands","#0087DC"
"E14000936","South Dorset","Richard Drax MP",9.05755470830939,40.6,"Conservative","E15000009","South West","#0087DC"
"E14000937","South East Cambridgeshire","Lucy Frazer MP",17.6579748258274,54.7,"Conservative","E15000006","Eastern","#0087DC"
"E14000938","South East Cornwall","Mrs Sheryll Murray MP",10.1079837139317,44.9,"Conservative","E15000009","South West","#0087DC"
"E14000939","South Holland and The Deepings","Sir John Hayes MP",4.51900429501686,28.9,"Conservative","E15000004","East Midlands","#0087DC"
"E14000940","South Leicestershire","Alberto Costa MP",8.10233769993486,41.9,"Conservative","E15000004","East Midlands","#0087DC"
"E14000941","South Norfolk","Mr Richard Bacon MP",11.7922889892324,49.1,"Conservative","E15000006","Eastern","#0087DC"
"E14000942","South Northamptonshire","Rt Hon Andrea Leadsom MP",11.7028124930631,46.7,"Conservative","E15000004","East Midlands","#0087DC"
"E14000943","South Ribble","Seema Kennedy MP",8.12128046106622,43.4,"Conservative","E15000002","North West","#0087DC"
"E14000944","South Shields","Mrs Emma Lewell-Buck MP",5.02994189934172,37.9,"Labour","E15000001","North East","#DC241f"
"E14000945","South Staffordshire","Rt Hon Gavin Williamson MP",4.78214267909666,34.8,"Conservative","E15000005","West Midlands","#0087DC"
"E14000946","South Suffolk","James Cartlidge MP",10.3396974956608,46,"Conservative","E15000006","Eastern","#0087DC"
"E14000947","South Swindon","Robert Buckland MP",10.2414506048148,48.3,"Conservative","E15000009","South West","#0087DC"
"E14000948","South Thanet","Craig Mackinlay MP",9.5942429562121,38.3,"Conservative","E15000008","South East","#0087DC"
"E14000949","South West Bedfordshire","Andrew Selous MP",9.08334969452689,41.9,"Conservative","E15000006","Eastern","#0087DC"
"E14000950","South West Devon","Sir Gary Streeter MP",10.0710999581765,44.9,"Conservative","E15000009","South West","#0087DC"
"E14000951","South West Hertfordshire","Rt Hon David Gauke MP",16.6678395496129,53.8,"Conservative","E15000006","Eastern","#0087DC"
"E14000952","South West Norfolk","Rt Hon Elizabeth Truss MP",5.81948830610097,33.3,"Conservative","E15000006","Eastern","#0087DC"
"E14000953","South West Surrey","Rt Hon Jeremy Hunt MP",20.0968552538486,59.3,"Conservative","E15000008","South East","#0087DC"
"E14000954","South West Wiltshire","Dr Andrew Murrison MP",10.0289720425901,43.1,"Conservative","E15000009","South West","#0087DC"
"E14000955","Southampton, Itchen","Royston Smith MP",9.07224724867423,39.7,"Conservative","E15000008","South East","#0087DC"
"E14000956","Southampton, Test","Dr Alan Whitehead MP",11.0943775100402,50.6,"Labour","E15000008","South East","#DC241f"
"E14000957","Southend West","Sir David Amess MP",9.57659359005939,44.9,"Conservative","E15000006","Eastern","#0087DC"
"E14000958","Southport","Damien Moore MP",9.52909698996656,53.7,"Conservative","E15000002","North West","#0087DC"
"E14000959","Spelthorne","Kwasi Kwarteng MP",10.2919079969692,39.7,"Conservative","E15000008","South East","#0087DC"
"E14000960","St Albans","Mrs Anne Main MP",22.0192393678858,62.2,"Conservative","E15000006","Eastern","#0087DC"
"E14000961","St Austell and Newquay","Steve Double MP",7.85608708913028,35.9,"Conservative","E15000009","South West","#0087DC"
"E14000962","St Helens North","Conor McGinn MP",6.24625237615299,41.6,"Labour","E15000002","North West","#DC241f"
"E14000963","St Helens South and Whiston","Ms Marie Rimmer MP",6.5153760425214,43.9,"Labour","E15000002","North West","#DC241f"
"E14000964","St Ives","Derek Thomas MP",12.0065006024265,45.2,"Conservative","E15000009","South West","#0087DC"
"E14000965","Stafford","Jeremy Lefroy MP",7.85164751733563,42.5,"Conservative","E15000005","West Midlands","#0087DC"
"E14000966","Staffordshire Moorlands","Rt Hon Karen Bradley MP",6.55653553595595,35.3,"Conservative","E15000005","West Midlands","#0087DC"
"E14000967","Stalybridge and Hyde","Jonathan Reynolds MP",6.95823418396652,40.7,"Labour","E15000002","North West","#DC241f"
"E14000968","Stevenage","Stephen McPartland MP",8.82484419784901,43,"Conservative","E15000006","Eastern","#0087DC"
"E14000969","Stockport","Ann Coffey MP",13.2880243730959,53.2,"Independent","E15000002","North West","#DDDDDD"
"E14000970","Stockton North","Alex Cunningham MP",4.37177375828616,33.7,"Labour","E15000001","North East","#DC241f"
"E14000971","Stockton South","Dr Paul Williams MP",6.38938971078564,42.2,"Labour","E15000001","North East","#DC241f"
"E14000972","Stoke-on-Trent Central","Gareth Snell MP",4.71981641868384,35.2,"Labour","E15000005","West Midlands","#DC241f"
"E14000973","Stoke-on-Trent North","Ruth Smeeth MP",3.33159541188738,27.9,"Labour","E15000005","West Midlands","#DC241f"
"E14000974","Stoke-on-Trent South","Jack Brereton MP",3.57808211385582,28.9,"Conservative","E15000005","West Midlands","#0087DC"
"E14000975","Stone","Sir William Cash MP",7.40767095993738,42.5,"Conservative","E15000005","West Midlands","#0087DC"
"E14000976","Stourbridge","Margot James MP",6.12365063788028,36.3,"Conservative","E15000005","West Midlands","#0087DC"
"E14000977","Stratford-on-Avon","Nadhim Zahawi MP",12.9488270652694,49,"Conservative","E15000005","West Midlands","#0087DC"
"E14000978","Streatham","Chuka Umunna MP",24.5622680598996,79.5,"Independent","E15000007","London","#DDDDDD"
"E14000979","Stretford and Urmston","Kate Green MP",12.3376876078299,51.1,"Labour","E15000002","North West","#DC241f"
"E14000980","Stroud","Dr David Drew MP",16.6588921980217,54.1,"Labour","E15000009","South West","#DC241f"
"E14000981","Suffolk Coastal","Dr Thrse Coffey MP",11.490584104692,44.8,"Conservative","E15000006","Eastern","#0087DC"
"E14000982","Sunderland Central","Julie Elliott MP",5.39960708216322,40.1,"Labour","E15000001","North East","#DC241f"
"E14000983","Surrey Heath","Rt Hon Michael Gove MP",12.1898585043219,48.1,"Conservative","E15000008","South East","#0087DC"
"E14000984","Sutton and Cheam","Paul Scully MP",12.9089593357624,48.7,"Conservative","E15000007","London","#0087DC"
"E14000985","Sutton Coldfield","Rt Hon Andrew Mitchell MP",10.1354848126966,48.3,"Conservative","E15000005","West Midlands","#0087DC"
"E14000986","Tamworth","Rt Hon Christopher Pincher MP",5.41206716052,34,"Conservative","E15000005","West Midlands","#0087DC"
"E14000987","Tatton","Rt Hon Esther McVey MP",13.9222254587824,54.4,"Conservative","E15000002","North West","#0087DC"
"E14000988","Taunton Deane","Rebecca Pow MP",11.218355950843,47.1,"Conservative","E15000009","South West","#0087DC"
"E14000989","Telford","Lucy Allan MP",5.6233718408598,33.8,"Conservative","E15000005","West Midlands","#0087DC"
"E14000990","Tewkesbury","Mr Laurence Robertson MP",10.7756536506551,46.4,"Conservative","E15000009","South West","#0087DC"
"E14000991","The Cotswolds","Sir Geoffrey Clifton-Brown MP",14.5847293461178,52.1,"Conservative","E15000009","South West","#0087DC"
"E14000992","The Wrekin","Mark Pritchard MP",6.84534106938493,40.7,"Conservative","E15000005","West Midlands","#0087DC"
"E14000993","Thirsk and Malton","Kevin Hollinrake MP",8.98744587697443,43.6,"Conservative","E15000003","Yorkshire and The Humber","#0087DC"
"E14000994","Thornbury and Yate","Luke Hall MP",11.7034865155166,47.8,"Conservative","E15000009","South West","#0087DC"
"E14000995","Thurrock","Jackie Doyle-Price MP",5.07310143022233,29.7,"Conservative","E15000006","Eastern","#0087DC"
"E14000996","Tiverton and Honiton","Neil Parish MP",10.1327759722608,42.2,"Conservative","E15000009","South West","#0087DC"
"E14000997","Tonbridge and Malling","Tom Tugendhat MP",13.4965683546652,47.1,"Conservative","E15000008","South East","#0087DC"
"E14000998","Tooting","Dr Rosena Allin-Khan MP",25.8397252432742,74.4,"Labour","E15000007","London","#DC241f"
"E14000999","Torbay","Kevin Foster MP",7.42362927503331,37.5,"Conservative","E15000009","South West","#0087DC"
"E14001000","Torridge and West Devon","Rt Hon Geoffrey Cox QC MP",9.78404636510112,42.8,"Conservative","E15000009","South West","#0087DC"
"E14001001","Totnes","Dr Sarah Wollaston MP",15.0277086631984,46.1,"Independent","E15000009","South West","#DDDDDD"
"E14001002","Tottenham","Rt Hon David Lammy MP",15.2304738104207,76.2,"Labour","E15000007","London","#DC241f"
"E14001003","Truro and Falmouth","Sarah Newton MP",16.2478053031565,54.1,"Conservative","E15000009","South West","#0087DC"
"E14001004","Tunbridge Wells","Rt Hon Greg Clark MP",16.5454132769475,55.4,"Conservative","E15000008","South East","#0087DC"
"E14001005","Twickenham","Rt Hon Sir Vince Cable MP",26.8283545084903,66.7,"Liberal Democrat","E15000007","London","#FAA61A"
"E14001006","Tynemouth","Sir Alan Campbell MP",12.7855661029735,52.4,"Labour","E15000001","North East","#DC241f"
"E14001007","Uxbridge and South Ruislip","Rt Hon Boris Johnson MP",9.29333845491264,42.8,"Conservative","E15000007","London","#0087DC"
"E14001008","Vauxhall","Kate Hoey MP",24.202857505591,77.6,"Labour","E15000007","London","#DC241f"
"E14001009","Wakefield","Mary Creagh MP",5.88009861907743,37.2,"Labour","E15000003","Yorkshire and The Humber","#DC241f"
"E14001010","Wallasey","Ms Angela Eagle MP",9.17799535113052,50.1,"Labour","E15000002","North West","#DC241f"
"E14001011","Walsall North","Eddie Hughes MP",2.57103108780566,25.8,"Conservative","E15000005","West Midlands","#0087DC"
"E14001012","Walsall South","Valerie Vaz MP",4.39357721887342,38.4,"Labour","E15000005","West Midlands","#DC241f"
"E14001013","Walthamstow","Stella Creasy MP",19.8561643835616,66.5,"Labour","E15000007","London","#DC241f"
"E14001014","Wansbeck","Ian Lavery MP",6.29707334007517,43.7,"Labour","E15000001","North East","#DC241f"
"E14001015","Wantage","Rt Hon Edward Vaizey MP",16.6013486885318,53.5,"Conservative","E15000008","South East","#0087DC"
"E14001016","Warley","Rt Hon John Spellar MP",5.3748114526106,38.4,"Labour","E15000005","West Midlands","#DC241f"
"E14001017","Warrington North","Helen Jones MP",7.26903235891824,41.9,"Labour","E15000002","North West","#DC241f"
"E14001018","Warrington South","Faisal Rashid MP",11.2046118649059,48.9,"Labour","E15000002","North West","#DC241f"
"E14001019","Warwick and Leamington","Matt Western MP",17.8938984780417,58.4,"Labour","E15000005","West Midlands","#DC241f"
"E14001020","Washington and Sunderland West","Mrs Sharon Hodgson MP",4.80795521593346,38.1,"Labour","E15000001","North East","#DC241f"
"E14001021","Watford","Richard Harrington MP",11.6315159875419,48.8,"Conservative","E15000006","Eastern","#0087DC"
"E14001022","Waveney","Peter Aldous MP",5.98275370581528,36.6,"Conservative","E15000006","Eastern","#0087DC"
"E14001023","Wealden","Ms Nusrat Ghani MP",13.3793549280816,47.2,"Conservative","E15000008","South East","#0087DC"
"E14001024","Weaver Vale","Mike Amesbury MP",10.554093463262,49.4,"Labour","E15000002","North West","#DC241f"
"E14001025","Wellingborough","Mr Peter Bone MP",6.5839803935042,37,"Conservative","E15000004","East Midlands","#0087DC"
"E14001026","Wells","James Heappey MP",12.4903902154921,46.4,"Conservative","E15000009","South West","#0087DC"
"E14001027","Welwyn Hatfield","Rt Hon Grant Shapps MP",10.7198705850634,47.2,"Conservative","E15000006","Eastern","#0087DC"
"E14001028","Wentworth and Dearne","Rt Hon John Healey MP",3.56362413851067,29.7,"Labour","E15000003","Yorkshire and The Humber","#DC241f"
"E14001029","West Bromwich East","Tom Watson MP",3.30605379581337,31.8,"Labour","E15000005","West Midlands","#DC241f"
"E14001030","West Bromwich West","Mr Adrian Bailey MP",2.90764840977103,31.3,"Labour","E15000005","West Midlands","#DC241f"
"E14001031","West Dorset","Rt Hon Sir Oliver Letwin MP",14.1900189795691,49,"Conservative","E15000009","South West","#0087DC"
"E14001032","West Ham","Lyn Brown MP",10.0151745068285,52,"Labour","E15000007","London","#DC241f"
"E14001033","West Lancashire","Rosie Cooper MP",8.45693170234455,45,"Labour","E15000002","North West","#DC241f"
"E14001034","West Suffolk","Rt Hon Matt Hancock MP",7.27031895729575,36.8,"Conservative","E15000006","Eastern","#0087DC"
"E14001035","West Worcestershire","Harriett Baldwin MP",12.2502763993521,47.5,"Conservative","E15000005","West Midlands","#0087DC"
"E14001036","Westminster North","Ms Karen Buck MP",17.9552275522755,66.3,"Labour","E15000007","London","#DC241f"
"E14001037","Westmorland and Lonsdale","Tim Farron MP",13.8344986685274,52.9,"Liberal Democrat","E15000002","North West","#FAA61A"
"E14001038","Weston-super-Mare","John Penrose MP",9.2226256319772,42.8,"Conservative","E15000009","South West","#0087DC"
"E14001039","Wigan","Lisa Nandy MP",5.4078337097205,37,"Labour","E15000002","North West","#DC241f"
"E14001040","Wimbledon","Stephen Hammond MP",26.9029701436667,70.6,"Conservative","E15000007","London","#0087DC"
"E14001041","Winchester","Steve Brine MP",19.3445839387053,60.4,"Conservative","E15000008","South East","#0087DC"
"E14001042","Windsor","Adam Afriyie MP",14.814542152857,53.3,"Conservative","E15000008","South East","#0087DC"
"E14001043","Wirral South","Alison McGovern MP",11.4541951543878,53.5,"Labour","E15000002","North West","#DC241f"
"E14001044","Wirral West","Margaret Greenwood MP",13.2260434774817,55.3,"Labour","E15000002","North West","#DC241f"
"E14001045","Witham","Rt Hon Priti Patel MP",8.30867884025264,39.5,"Conservative","E15000006","Eastern","#0087DC"
"E14001046","Witney","Robert Courts MP",15.8045977011494,53.7,"Conservative","E15000008","South East","#0087DC"
"E14001047","Woking","Mr Jonathan Lord MP",16.3069168435269,55.7,"Conservative","E15000008","South East","#0087DC"
"E14001048","Wokingham","Rt Hon John Redwood MP",16.5941064296765,57.3,"Conservative","E15000008","South East","#0087DC"
"E14001049","Wolverhampton North East","Emma Reynolds MP",3.32220150062888,32.3,"Labour","E15000005","West Midlands","#DC241f"
"E14001050","Wolverhampton South East","Rt Hon Pat McFadden MP",2.97003147894581,31.9,"Labour","E15000005","West Midlands","#DC241f"
"E14001051","Wolverhampton South West","Eleanor Smith MP",6.72964928173936,45.6,"Labour","E15000005","West Midlands","#DC241f"
"E14001052","Worcester","Mr Robin Walker MP",10.3493648470837,46.3,"Conservative","E15000005","West Midlands","#0087DC"
"E14001053","Workington","Sue Hayman MP",6.05745179983532,39,"Labour","E15000002","North West","#DC241f"
"E14001054","Worsley and Eccles South","Barbara Keeley MP",7.16792999949128,40.2,"Labour","E15000002","North West","#DC241f"
"E14001055","Worthing West","Sir Peter Bottomley MP",11.0355475499026,44,"Conservative","E15000008","South East","#0087DC"
"E14001056","Wycombe","Mr Steve Baker MP",12.2016041569833,51.5,"Conservative","E15000008","South East","#0087DC"
"E14001057","Wyre and Preston North","Rt Hon Ben Wallace MP",8.2599994517093,45.8,"Conservative","E15000002","North West","#0087DC"
"E14001058","Wyre Forest","Mark Garnier MP",6.18788743481256,36.9,"Conservative","E15000005","West Midlands","#0087DC"
"E14001059","Wythenshawe and Sale East","Mike Kane MP",10.4584127292367,50.4,"Labour","E15000002","North West","#DC241f"
"E14001060","Yeovil","Mr Marcus Fysh MP",7.89455965526528,40.1,"Conservative","E15000009","South West","#0087DC"
"E14001061","York Central","Rachael Maskell MP",15.7451069052387,61.2,"Labour","E15000003","Yorkshire and The Humber","#DC241f"
"E14001062","York Outer","Julian Sturdy MP",13.3506025167295,55.3,"Conservative","E15000003","Yorkshire and The Humber","#0087DC"
"N06000001","Belfast East","Gavin Robinson MP",9.88547638366077,48.1,"Democratic Unionist Party","N07000001","Northern Ireland","#D46A4C"
"N06000002","Belfast North","Rt Hon Nigel Dodds MP",8.45996511613316,50.4,"Democratic Unionist Party","N07000001","Northern Ireland","#D46A4C"
"N06000003","Belfast South","Emma Little Pengelly MP",16.7766399588671,69.5,"Democratic Unionist Party","N07000001","Northern Ireland","#D46A4C"
"N06000004","Belfast West","Paul Maskey MP",8.10444846705341,74.1,"Sinn Fin","N07000001","Northern Ireland","#326760"
"N06000005","East Antrim","Rt Hon Sammy Wilson MP",7.17468680810515,44.8,"Democratic Unionist Party","N07000001","Northern Ireland","#D46A4C"
"N06000006","East Londonderry","Mr Gregory Campbell MP",6.39223094184617,52,"Democratic Unionist Party","N07000001","Northern Ireland","#D46A4C"
"N06000007","Fermanagh and South Tyrone","Michelle Gildernew MP",7.57105561302399,58.6,"Sinn Fin","N07000001","Northern Ireland","#326760"
"N06000008","Foyle","Elisha McCallion MP",13.7749520585851,78.3,"Sinn Fin","N07000001","Northern Ireland","#326760"
"N06000009","Lagan Valley","Rt Hon Sir Jeffrey M. Donaldson MP",8.63686534216336,46.9,"Democratic Unionist Party","N07000001","Northern Ireland","#D46A4C"
"N06000010","Mid Ulster","Francie Molloy MP",6.77922010353529,60.4,"Sinn Fin","N07000001","Northern Ireland","#326760"
"N06000011","Newry and Armagh","Mickey Brady MP",8.59968435275283,62.9,"Sinn Fin","N07000001","Northern Ireland","#326760"
"N06000012","North Antrim","Ian Paisley MP",5.24060341442003,37.8,"Democratic Unionist Party","N07000001","Northern Ireland","#D46A4C"
"N06000013","North Down","Lady Hermon MP",9.91456305302076,52.4,"Independent","N07000001","Northern Ireland","#DDDDDD"
"N06000014","South Antrim","Paul Girvan MP",7.94215938303342,58.8,"Democratic Unionist Party","N07000001","Northern Ireland","#D46A4C"
"N06000015","South Down","Chris Hazzard MP",10.9668639053254,67.2,"Sinn Fin","N07000001","Northern Ireland","#326760"
"N06000016","Strangford","Jim Shannon MP",6.60635622073067,44.5,"Democratic Unionist Party","N07000001","Northern Ireland","#D46A4C"
"N06000017","Upper Bann","David Simpson MP",6.55293685370847,47.4,"Democratic Unionist Party","N07000001","Northern Ireland","#D46A4C"
"N06000018","West Tyrone","rfhlaith Begley MP",8.09834106365421,66.8,"Sinn Fin","N07000001","Northern Ireland","#326760"
"S14000001","Aberdeen North","Kirsty Blackman MP",10.8483425315581,56.9,"Scottish National Party","S15000001","Scotland","#FEF987"
"S14000002","Aberdeen South","Ross Thomson MP",13.2508012624471,67.9,"Conservative","S15000001","Scotland","#0087DC"
"S14000003","Airdrie and Shotts","Neil Gray MP",7.17607010936482,60.2,"Scottish National Party","S15000001","Scotland","#FEF987"
"S14000004","Angus","Kirstene Hair MP",7.36139440014834,51.8,"Conservative","S15000001","Scotland","#0087DC"
"S14000005","Argyll and Bute","Brendan O'Hara MP",13.1908100229055,60.6,"Scottish National Party","S15000001","Scotland","#FEF987"
"S14000006","Ayr, Carrick and Cumnock","Bill Grant MP",7.75101042331419,55.9,"Conservative","S15000001","Scotland","#0087DC"
"S14000007","Banff and Buchan","David Duguid MP",5.33707104357953,46.4,"Conservative","S15000001","Scotland","#0087DC"
"S14000008","Berwickshire, Roxburgh and Selkirk","John Lamont MP",10.563224809423,56.7,"Conservative","S15000001","Scotland","#0087DC"
"S14000009","Caithness, Sutherland and Easter Ross","Jamie Stone MP",8.44837329458303,48.7,"Liberal Democrat","S15000001","Scotland","#FAA61A"
"S14000010","Central Ayrshire","Dr Philippa Whitford MP",8.47220277272091,58.4,"Scottish National Party","S15000001","Scotland","#FEF987"
"S14000011","Coatbridge, Chryston and Bellshill","Hugh Gaffney MP",9.01021095597268,61.2,"Labour","S15000001","Scotland","#DC241f"
"S14000012","Cumbernauld, Kilsyth and Kirkintilloch East","Stuart C. McDonald MP",11.1360316359505,63,"Scottish National Party","S15000001","Scotland","#FEF987"
"S14000013","Dumfries and Galloway","Mr Alister Jack MP",8.06734388696952,54.9,"Conservative","S15000001","Scotland","#0087DC"
"S14000014","Dumfriesshire, Clydesdale and Tweeddale","Rt Hon David Mundell MP",10.8854808332271,55.4,"Conservative","S15000001","Scotland","#0087DC"
"S14000015","Dundee East","Stewart Hosie MP",10.6178515051649,61.6,"Scottish National Party","S15000001","Scotland","#FEF987"
"S14000016","Dundee West","Chris Law MP",11.6188830844748,59.3,"Scottish National Party","S15000001","Scotland","#FEF987"
"S14000017","Dunfermline and West Fife","Douglas Chapman MP",12.5289553296794,60.6,"Scottish National Party","S15000001","Scotland","#FEF987"
"S14000018","East Dunbartonshire","Jo Swinson MP",19.5022678802079,73.1,"Liberal Democrat","S15000001","Scotland","#FAA61A"
"S14000019","East Kilbride, Strathaven and Lesmahagow","Dr Lisa Cameron MP",12.1261521098501,63.1,"Scottish National Party","S15000001","Scotland","#FEF987"
"S14000020","East Lothian","Martin Whitfield MP",15.945079298263,64.6,"Labour","S15000001","Scotland","#DC241f"
"S14000021","East Renfrewshire","Paul Masterton MP",17.4354822951415,74.3,"Conservative","S15000001","Scotland","#0087DC"
"S14000022","Edinburgh East","Tommy Sheppard MP",23.186699836175,72.4,"Scottish National Party","S15000001","Scotland","#FEF987"
"S14000023","Edinburgh North and Leith","Deidre Brock MP",29.353775245655,78.2,"Scottish National Party","S15000001","Scotland","#FEF987"
"S14000024","Edinburgh South","Ian Murray MP",27.8981858315514,77.8,"Labour","S15000001","Scotland","#DC241f"
"S14000025","Edinburgh South West","Joanna Cherry QC MP",20.8554554673984,72.1,"Scottish National Party","S15000001","Scotland","#FEF987"
"S14000026","Edinburgh West","Christine Jardine MP",19.6468924687132,71.2,"Liberal Democrat","S15000001","Scotland","#FAA61A"
"S14000027","Na h-Eileanan an Iar","Angus Brendan MacNeil MP",10.6009453072248,55.2,"Scottish National Party","S15000001","Scotland","#FEF987"
"S14000028","Falkirk","John McNally MP",9.90782119776441,57.9,"Scottish National Party","S15000001","Scotland","#FEF987"
"S14000029","Glasgow Central","Alison Thewliss MP",18.3254324151185,71.2,"Scottish National Party","S15000001","Scotland","#FEF987"
"S14000030","Glasgow East","David Linden MP",7.15039763530157,56.2,"Scottish National Party","S15000001","Scotland","#FEF987"
"S14000031","Glasgow North","Patrick Grady MP",23.9806641445986,78.4,"Scottish National Party","S15000001","Scotland","#FEF987"
"S14000032","Glasgow North East","Mr Paul Sweeney MP",8.69212728378261,59.3,"Labour","S15000001","Scotland","#DC241f"
"S14000033","Glasgow North West","Carol Monaghan MP",15.2024489448846,68.5,"Scottish National Party","S15000001","Scotland","#FEF987"
"S14000034","Glasgow South","Stewart Malcolm McDonald MP",18.5698892050949,71.8,"Scottish National Party","S15000001","Scotland","#FEF987"
"S14000035","Glasgow South West","Chris Stephens MP",8.97321825785212,59.1,"Scottish National Party","S15000001","Scotland","#FEF987"
"S14000036","Glenrothes","Peter Grant MP",6.50678143670187,52.4,"Scottish National Party","S15000001","Scotland","#FEF987"
"S14000037","Gordon","Colin Clark MP",11.1049025800496,55.7,"Conservative","S15000001","Scotland","#0087DC"
"S14000038","Inverclyde","Ronnie Cowan MP",9.46545824470545,63.8,"Scottish National Party","S15000001","Scotland","#FEF987"
"S14000039","Inverness, Nairn, Badenoch and Strathspey","Drew Hendry MP",12.4609313719575,59.9,"Scottish National Party","S15000001","Scotland","#FEF987"
"S14000040","Kilmarnock and Loudoun","Alan Brown MP",8.32685832685833,60.5,"Scottish National Party","S15000001","Scotland","#FEF987"
"S14000041","Kirkcaldy and Cowdenbeath","Lesley Laird MP",9.3679646996771,56.7,"Labour","S15000001","Scotland","#DC241f"
"S14000042","Lanark and Hamilton East","Angela Crawley MP",9.76115389931022,64,"Scottish National Party","S15000001","Scotland","#FEF987"
"S14000043","Linlithgow and East Falkirk","Martyn Day MP",11.1820088349471,58,"Scottish National Party","S15000001","Scotland","#FEF987"
"S14000044","Livingston","Hannah Bardell MP",11.1982281809245,56.7,"Scottish National Party","S15000001","Scotland","#FEF987"
"S14000045","Midlothian","Danielle Rowley MP",13.7565825380201,62.1,"Labour","S15000001","Scotland","#DC241f"
"S14000046","Moray","Douglas Ross MP",8.28104566529728,50.1,"Conservative","S15000001","Scotland","#0087DC"
"S14000047","Motherwell and Wishaw","Marion Fellows MP",7.85111429832304,62.3,"Scottish National Party","S15000001","Scotland","#FEF987"
"S14000048","North Ayrshire and Arran","Patricia Gibson MP",8.85569520300059,57.6,"Scottish National Party","S15000001","Scotland","#FEF987"
"S14000049","North East Fife","Stephen Gethins MP",15.4062040598132,63.7,"Scottish National Party","S15000001","Scotland","#FEF987"
"S14000050","Ochil and South Perthshire","Luke Graham MP",12.2186017122397,60.5,"Conservative","S15000001","Scotland","#0087DC"
"S14000051","Orkney and Shetland","Rt Hon Alistair Carmichael MP",12.4899117802577,59.7,"Liberal Democrat","S15000001","Scotland","#FAA61A"
"S14000052","Paisley and Renfrewshire North","Gavin Newlands MP",12.0972173300458,64.5,"Scottish National Party","S15000001","Scotland","#FEF987"
"S14000053","Paisley and Renfrewshire South","Mhairi Black MP",11.0245326933919,65.2,"Scottish National Party","S15000001","Scotland","#FEF987"
"S14000054","Perth and North Perthshire","Pete Wishart MP",11.8636734492051,60.1,"Scottish National Party","S15000001","Scotland","#FEF987"
"S14000055","Ross, Skye and Lochaber","Rt Hon Ian Blackford MP",16.1084038332639,56.5,"Scottish National Party","S15000001","Scotland","#FEF987"
"S14000056","Rutherglen and Hamilton West","Ged Killen MP",10.3319179474912,62.4,"Labour","S15000001","Scotland","#DC241f"
"S14000057","Stirling","Stephen Kerr MP",16.8141953905772,67.7,"Conservative","S15000001","Scotland","#0087DC"
"S14000058","West Aberdeenshire and Kincardine","Andrew Bowie MP",14.0337372423587,60.8,"Conservative","S15000001","Scotland","#0087DC"
"S14000059","West Dunbartonshire","Martin Docherty-Hughes MP",9.28342156821877,62,"Scottish National Party","S15000001","Scotland","#FEF987"
"W07000041","Ynys Mn","Albert Owen MP",8.38286170495875,49.1,"Labour","W08000001","Wales","#DC241f"
"W07000042","Delyn","Rt Hon David Hanson MP",8.27586206896552,45.6,"Labour","W08000001","Wales","#DC241f"
"W07000043","Alyn and Deeside","Rt Hon Mark Tami MP",7.82889067189682,41.9,"Labour","W08000001","Wales","#DC241f"
"W07000044","Wrexham","Ian C. Lucas MP",7.30888058629113,42.4,"Labour","W08000001","Wales","#DC241f"
"W07000045","Llanelli","Nia Griffith MP",6.15725529151066,43.3,"Labour","W08000001","Wales","#DC241f"
"W07000046","Gower","Tonia Antoniazzi MP",10.6223530708314,50.7,"Labour","W08000001","Wales","#DC241f"
"W07000047","Swansea West","Geraint Davies MP",10.1800266387866,56.6,"Labour","W08000001","Wales","#DC241f"
"W07000048","Swansea East","Carolyn Harris MP",5.72239008447925,38.2,"Labour","W08000001","Wales","#DC241f"
"W07000049","Aberavon","Stephen Kinnock MP",5.45587562871513,39.9,"Labour","W08000001","Wales","#DC241f"
"W07000050","Cardiff Central","Jo Stevens MP",14.9229335070043,68,"Labour","W08000001","Wales","#DC241f"
"W07000051","Cardiff North","Anna McMorrin MP",16.073058098056,60.9,"Labour","W08000001","Wales","#DC241f"
"W07000052","Rhondda","Chris Bryant MP",4.47728636090964,39.6,"Labour","W08000001","Wales","#DC241f"
"W07000053","Torfaen","Nick Thomas-Symonds MP",5.59816776057918,39.2,"Labour","W08000001","Wales","#DC241f"
"W07000054","Monmouth","David T. C. Davies MP",12.4544959440479,51.9,"Conservative","W08000001","Wales","#0087DC"
"W07000055","Newport East","Jessica Morden MP",6.69960505908124,40.7,"Labour","W08000001","Wales","#DC241f"
"W07000056","Newport West",NA,8.89250530353666,46.3,NA,"W08000001","Wales","#EEEEEE"
"W07000057","Arfon","Hywel Williams MP",14.0034037441185,64.2,"Plaid Cymru","W08000001","Wales","#008142"
"W07000058","Aberconwy","Guto Bebb MP",9.52017178015444,47.8,"Conservative","W08000001","Wales","#0087DC"
"W07000059","Clwyd West","Rt Hon David Jones MP",9.04968221589089,47,"Conservative","W08000001","Wales","#0087DC"
"W07000060","Vale of Clwyd","Chris Ruane MP",6.79223443994318,43.4,"Labour","W08000001","Wales","#DC241f"
"W07000061","Dwyfor Meirionnydd","Rt Hon Liz Saville Roberts MP",9.47863536229583,52.6,"Plaid Cymru","W08000001","Wales","#008142"
"W07000062","Clwyd South","Susan Elan Jones MP",7.1101761767026,40.1,"Labour","W08000001","Wales","#DC241f"
"W07000063","Montgomeryshire","Glyn Davies MP",9.07377176616915,44.2,"Conservative","W08000001","Wales","#0087DC"
"W07000064","Ceredigion","Ben Lake MP",12.948728499712,54.6,"Plaid Cymru","W08000001","Wales","#008142"
"W07000065","Preseli Pembrokeshire","Rt Hon Stephen Crabb MP",8.55061470876394,44.7,"Conservative","W08000001","Wales","#0087DC"
"W07000066","Carmarthen West and South Pembrokeshire","Simon Hart MP",7.92941026701887,44.8,"Conservative","W08000001","Wales","#0087DC"
"W07000067","Carmarthen East and Dinefwr","Jonathan Edwards MP",8.71377122277482,46.8,"Plaid Cymru","W08000001","Wales","#008142"
"W07000068","Brecon and Radnorshire","Chris Davies MP",10.5936603481352,48.1,"Conservative","W08000001","Wales","#0087DC"
"W07000069","Neath","Christina Rees MP",6.41757946374572,46,"Labour","W08000001","Wales","#DC241f"
"W07000070","Cynon Valley","Rt Hon Ann Clwyd MP",4.80216860548614,43.3,"Labour","W08000001","Wales","#DC241f"
"W07000071","Merthyr Tydfil and Rhymney","Gerald Jones MP",4.50744578072426,41.6,"Labour","W08000001","Wales","#DC241f"
"W07000072","Blaenau Gwent","Nick Smith MP",3.90516287865273,38,"Labour","W08000001","Wales","#DC241f"
"W07000073","Bridgend","Mrs Madeleine Moon MP",7.92893958973902,49.7,"Labour","W08000001","Wales","#DC241f"
"W07000074","Ogmore","Chris Elmore MP",5.84613869188337,41.1,"Labour","W08000001","Wales","#DC241f"
"W07000075","Pontypridd","Owen Smith MP",8.80525284682258,53.5,"Labour","W08000001","Wales","#DC241f"
"W07000076","Caerphilly","Wayne David MP",6.93050640988456,44.9,"Labour","W08000001","Wales","#DC241f"
"W07000077","Islwyn","Chris Evans MP",5.26133667281835,41.1,"Labour","W08000001","Wales","#DC241f"
"W07000078","Vale of Glamorgan","Rt Hon Alun Cairns MP",9.92911360642369,47.4,"Conservative","W08000001","Wales","#0087DC"
"W07000079","Cardiff West","Kevin Brennan MP",15.9050048082954,56.2,"Labour","W08000001","Wales","#DC241f"
"W07000080","Cardiff South and Penarth","Stephen Doughty MP",12.6283961047623,57.2,"Labour","W08000001","Wales","#DC241f"
